"company_name","contact_name","address","order_date","ship_city","ship_country","phone"
"Vins et alcools Chevalier","Paul Henriot","59 rue de l'Abbaye","1996-07-04","Reims","France","26.47.15.10"
"Toms Spezialitäten","Karin Josephs","Luisenstr. 48","1996-07-05","Münster","Germany","0251-031259"
"Hanari Carnes","Mario Pontes","Rua do Paço, 67","1996-07-08","Rio de Janeiro","Brazil","(21) 555-0091"
"Victuailles en stock","Mary Saveley","2, rue du Commerce","1996-07-08","Lyon","France","78.32.54.86"
"Suprêmes délices","Pascale Cartrain","Boulevard Tirou, 255","1996-07-09","Charleroi","Belgium","(071) 23 67 22 20"
"Hanari Carnes","Mario Pontes","Rua do Paço, 67","1996-07-10","Rio de Janeiro","Brazil","(21) 555-0091"
"Chop-suey Chinese","Yang Wang","Hauptstr. 29","1996-07-11","Bern","Switzerland","0452-076545"
"Richter Supermarkt","Michael Holz","Grenzacherweg 237","1996-07-12","Genève","Switzerland","0897-034214"
"Wellington Importadora","Paula Parente","Rua do Mercado, 12","1996-07-15","Resende","Brazil","(14) 555-8122"
"HILARION-Abastos","Carlos Hernández","Carrera 22 con Ave. Carlos Soublette #8-35","1996-07-16","San Cristóbal","Venezuela","(5) 555-1340"
"Ernst Handel","Roland Mendel","Kirchgasse 6","1996-07-17","Graz","Austria","7675-3425"
"Centro comercial Moctezuma","Francisco Chang","Sierras de Granada 9993","1996-07-18","México D.F.","Mexico","(5) 555-3392"
"Ottilies Käseladen","Henriette Pfalzheim","Mehrheimerstr. 369","1996-07-19","Köln","Germany","0221-0644327"
"Que Delícia","Bernardo Batista","Rua da Panificadora, 12","1996-07-19","Rio de Janeiro","Brazil","(21) 555-4252"
"Rattlesnake Canyon Grocery","Paula Wilson","2817 Milton Dr.","1996-07-22","Albuquerque","USA","(505) 555-5939"
"Ernst Handel","Roland Mendel","Kirchgasse 6","1996-07-23","Graz","Austria","7675-3425"
"Folk och fä HB","Maria Larsson","Åkergatan 24","1996-07-24","Bräcke","Sweden","0695-34 67 21"
"Blondesddsl père et fils","Frédérique Citeaux","24, place Kléber","1996-07-25","Strasbourg","France","88.60.15.31"
"Wartian Herkku","Pirkko Koskitalo","Torikatu 38","1996-07-26","Oulu","Finland","981-443655"
"Frankenversand","Peter Franken","Berliner Platz 43","1996-07-29","München","Germany","089-0877310"
"GROSELLA-Restaurante","Manuel Pereira","5ª Ave. Los Palos Grandes","1996-07-30","Caracas","Venezuela","(2) 283-2951"
"White Clover Markets","Karl Jablonski","305 - 14th Ave. S. Suite 3B","1996-07-31","Seattle","USA","(206) 555-4112"
"Wartian Herkku","Pirkko Koskitalo","Torikatu 38","1996-08-01","Oulu","Finland","981-443655"
"Split Rail Beer & Ale","Art Braunschweiger","P.O. Box 555","1996-08-01","Lander","USA","(307) 555-4680"
"Rattlesnake Canyon Grocery","Paula Wilson","2817 Milton Dr.","1996-08-02","Albuquerque","USA","(505) 555-5939"
"QUICK-Stop","Horst Kloss","Taucherstraße 10","1996-08-05","Cunewalde","Germany","0372-035188"
"Vins et alcools Chevalier","Paul Henriot","59 rue de l'Abbaye","1996-08-06","Reims","France","26.47.15.10"
"Magazzini Alimentari Riuniti","Giovanni Rovelli","Via Ludovico il Moro 22","1996-08-07","Bergamo","Italy","035-640230"
"Tortuga Restaurante","Miguel Angel Paolino","Avda. Azteca 123","1996-08-08","México D.F.","Mexico","(5) 555-2933"
"Morgenstern Gesundkost","Alexander Feuer","Heerstr. 22","1996-08-09","Leipzig","Germany","0342-023176"
"Berglunds snabbköp","Christina Berglund","Berguvsvägen  8","1996-08-12","Luleå","Sweden","0921-12 34 65"
"Lehmanns Marktstand","Renate Messner","Magazinweg 7","1996-08-13","Frankfurt a.M.","Germany","069-0245984"
"Berglunds snabbköp","Christina Berglund","Berguvsvägen  8","1996-08-14","Luleå","Sweden","0921-12 34 65"
"Romero y tomillo","Alejandra Camino","Gran Vía, 1","1996-08-14","Madrid","Spain","(91) 745 6200"
"Romero y tomillo","Alejandra Camino","Gran Vía, 1","1996-08-15","Madrid","Spain","(91) 745 6200"
"LILA-Supermercado","Carlos González","Carrera 52 con Ave. Bolívar #65-98 Llano Largo","1996-08-16","Barquisimeto","Venezuela","(9) 331-6954"
"Lehmanns Marktstand","Renate Messner","Magazinweg 7","1996-08-19","Frankfurt a.M.","Germany","069-0245984"
"QUICK-Stop","Horst Kloss","Taucherstraße 10","1996-08-20","Cunewalde","Germany","0372-035188"
"QUICK-Stop","Horst Kloss","Taucherstraße 10","1996-08-21","Cunewalde","Germany","0372-035188"
"Ricardo Adocicados","Janete Limeira","Av. Copacabana, 267","1996-08-22","Rio de Janeiro","Brazil","(21) 555-3412"
"Reggiani Caseifici","Maurizio Moroni","Strada Provinciale 124","1996-08-23","Reggio Emilia","Italy","0522-556721"
"B's Beverages","Victoria Ashworth","Fauntleroy Circus","1996-08-26","London","UK","(171) 555-1212"
"Comércio Mineiro","Pedro Afonso","Av. dos Lusíadas, 23","1996-08-27","Sao Paulo","Brazil","(11) 555-7647"
"Que Delícia","Bernardo Batista","Rua da Panificadora, 12","1996-08-27","Rio de Janeiro","Brazil","(21) 555-4252"
"Tradição Hipermercados","Anabela Domingues","Av. Inês de Castro, 414","1996-08-28","Sao Paulo","Brazil","(11) 555-2167"
"Tortuga Restaurante","Miguel Angel Paolino","Avda. Azteca 123","1996-08-29","México D.F.","Mexico","(5) 555-2933"
"Rattlesnake Canyon Grocery","Paula Wilson","2817 Milton Dr.","1996-08-30","Albuquerque","USA","(505) 555-5939"
"Vins et alcools Chevalier","Paul Henriot","59 rue de l'Abbaye","1996-09-02","Reims","France","26.47.15.10"
"LILA-Supermercado","Carlos González","Carrera 52 con Ave. Bolívar #65-98 Llano Largo","1996-09-03","Barquisimeto","Venezuela","(9) 331-6954"
"Blondesddsl père et fils","Frédérique Citeaux","24, place Kléber","1996-09-04","Strasbourg","France","88.60.15.31"
"Hungry Owl All-Night Grocers","Patricia McKenna","8 Johnstown Road","1996-09-05","Cork","Ireland","2967 542"
"Ricardo Adocicados","Janete Limeira","Av. Copacabana, 267","1996-09-06","Rio de Janeiro","Brazil","(21) 555-3412"
"Magazzini Alimentari Riuniti","Giovanni Rovelli","Via Ludovico il Moro 22","1996-09-09","Bergamo","Italy","035-640230"
"Die Wandernde Kuh","Rita Müller","Adenauerallee 900","1996-09-09","Stuttgart","Germany","0711-020361"
"Suprêmes délices","Pascale Cartrain","Boulevard Tirou, 255","1996-09-10","Charleroi","Belgium","(071) 23 67 22 20"
"Godos Cocina Típica","José Pedro Freyre","C/ Romero, 33","1996-09-11","Sevilla","Spain","(95) 555 82 82"
"Tortuga Restaurante","Miguel Angel Paolino","Avda. Azteca 123","1996-09-12","México D.F.","Mexico","(5) 555-2933"
"Old World Delicatessen","Rene Phillips","2743 Bering St.","1996-09-13","Anchorage","USA","(907) 555-7584"
"Romero y tomillo","Alejandra Camino","Gran Vía, 1","1996-09-16","Madrid","Spain","(91) 745 6200"
"Lonesome Pine Restaurant","Fran Wilson","89 Chiaroscuro Rd.","1996-09-17","Portland","USA","(503) 555-9573"
"Ana Trujillo Emparedados y helados","Ana Trujillo","Avda. de la Constitución 2222","1996-09-18","México D.F.","Mexico","(5) 555-4729"
"Hungry Owl All-Night Grocers","Patricia McKenna","8 Johnstown Road","1996-09-19","Cork","Ireland","2967 542"
"The Big Cheese","Liz Nixon","89 Jefferson Way Suite 2","1996-09-20","Portland","USA","(503) 555-3612"
"Du monde entier","Janine Labrune","67, rue des Cinquante Otages","1996-09-20","Nantes","France","40.67.88.88"
"Die Wandernde Kuh","Rita Müller","Adenauerallee 900","1996-09-23","Stuttgart","Germany","0711-020361"
"QUICK-Stop","Horst Kloss","Taucherstraße 10","1996-09-24","Cunewalde","Germany","0372-035188"
"Rattlesnake Canyon Grocery","Paula Wilson","2817 Milton Dr.","1996-09-25","Albuquerque","USA","(505) 555-5939"
"Island Trading","Helen Bennett","Garden House Crowther Way","1996-09-26","Cowes","UK","(198) 555-8888"
"Rattlesnake Canyon Grocery","Paula Wilson","2817 Milton Dr.","1996-09-27","Albuquerque","USA","(505) 555-5939"
"Lonesome Pine Restaurant","Fran Wilson","89 Chiaroscuro Rd.","1996-09-30","Portland","USA","(503) 555-9573"
"Island Trading","Helen Bennett","Garden House Crowther Way","1996-10-01","Cowes","UK","(198) 555-8888"
"Tortuga Restaurante","Miguel Angel Paolino","Avda. Azteca 123","1996-10-02","México D.F.","Mexico","(5) 555-2933"
"Wartian Herkku","Pirkko Koskitalo","Torikatu 38","1996-10-03","Oulu","Finland","981-443655"
"Island Trading","Helen Bennett","Garden House Crowther Way","1996-10-03","Cowes","UK","(198) 555-8888"
"Pericles Comidas clásicas","Guillermo Fernández","Calle Dr. Jorge Cash 321","1996-10-04","México D.F.","Mexico","(5) 552-3745"
"Königlich Essen","Philip Cramer","Maubelstr. 90","1996-10-07","Brandenburg","Germany","0555-09876"
"Save-a-lot Markets","Jose Pavarotti","187 Suffolk Ln.","1996-10-08","Boise","USA","(208) 555-8097"
"Königlich Essen","Philip Cramer","Maubelstr. 90","1996-10-09","Brandenburg","Germany","0555-09876"
"Bólido Comidas preparadas","Martín Sommer","C/ Araquil, 67","1996-10-10","Madrid","Spain","(91) 555 22 82"
"Folk och fä HB","Maria Larsson","Åkergatan 24","1996-10-11","Bräcke","Sweden","0695-34 67 21"
"Furia Bacalhau e Frutos do Mar","Lino Rodriguez","Jardim das rosas n. 32","1996-10-14","Lisboa","Portugal","(1) 354-2534"
"Split Rail Beer & Ale","Art Braunschweiger","P.O. Box 555","1996-10-15","Lander","USA","(307) 555-4680"
"LILA-Supermercado","Carlos González","Carrera 52 con Ave. Bolívar #65-98 Llano Largo","1996-10-16","Barquisimeto","Venezuela","(9) 331-6954"
"Bon app'","Laurence Lebihan","12, rue des Bouchers","1996-10-16","Marseille","France","91.24.45.40"
"Mère Paillarde","Jean Fresnière","43 rue St. Laurent","1996-10-17","Montréal","Canada","(514) 555-8054"
"Wartian Herkku","Pirkko Koskitalo","Torikatu 38","1996-10-18","Oulu","Finland","981-443655"
"Victuailles en stock","Mary Saveley","2, rue du Commerce","1996-10-21","Lyon","France","78.32.54.86"
"Hungry Owl All-Night Grocers","Patricia McKenna","8 Johnstown Road","1996-10-22","Cork","Ireland","2967 542"
"Princesa Isabel Vinhos","Isabel de Castro","Estrada da saúde n. 58","1996-10-23","Lisboa","Portugal","(1) 356-5634"
"Frankenversand","Peter Franken","Berliner Platz 43","1996-10-24","München","Germany","089-0877310"
"Old World Delicatessen","Rene Phillips","2743 Bering St.","1996-10-25","Anchorage","USA","(907) 555-7584"
"Mère Paillarde","Jean Fresnière","43 rue St. Laurent","1996-10-28","Montréal","Canada","(514) 555-8054"
"Bon app'","Laurence Lebihan","12, rue des Bouchers","1996-10-29","Marseille","France","91.24.45.40"
"Simons bistro","Jytte Petersen","Vinbæltet 34","1996-10-29","Kobenhavn","Denmark","31 12 34 56"
"Frankenversand","Peter Franken","Berliner Platz 43","1996-10-30","München","Germany","089-0877310"
"Lehmanns Marktstand","Renate Messner","Magazinweg 7","1996-10-31","Frankfurt a.M.","Germany","069-0245984"
"White Clover Markets","Karl Jablonski","305 - 14th Ave. S. Suite 3B","1996-11-01","Seattle","USA","(206) 555-4112"
"QUICK-Stop","Horst Kloss","Taucherstraße 10","1996-11-04","Cunewalde","Germany","0372-035188"
"Rattlesnake Canyon Grocery","Paula Wilson","2817 Milton Dr.","1996-11-05","Albuquerque","USA","(505) 555-5939"
"Familia Arquibaldo","Aria Cruz","Rua Orós, 92","1996-11-06","Sao Paulo","Brazil","(11) 555-9857"
"Die Wandernde Kuh","Rita Müller","Adenauerallee 900","1996-11-07","Stuttgart","Germany","0711-020361"
"Split Rail Beer & Ale","Art Braunschweiger","P.O. Box 555","1996-11-08","Lander","USA","(307) 555-4680"
"La maison d'Asie","Annette Roulet","1 rue Alsace-Lorraine","1996-11-11","Toulouse","France","61.77.61.10"
"Ernst Handel","Roland Mendel","Kirchgasse 6","1996-11-11","Graz","Austria","7675-3425"
"Furia Bacalhau e Frutos do Mar","Lino Rodriguez","Jardim das rosas n. 32","1996-11-12","Lisboa","Portugal","(1) 354-2534"
"Piccolo und mehr","Georg Pipps","Geislweg 14","1996-11-13","Salzburg","Austria","6562-9722"
"Pericles Comidas clásicas","Guillermo Fernández","Calle Dr. Jorge Cash 321","1996-11-14","México D.F.","Mexico","(5) 552-3745"
"Around the Horn","Thomas Hardy","120 Hanover Sq.","1996-11-15","Colchester","UK","(171) 555-7788"
"Die Wandernde Kuh","Rita Müller","Adenauerallee 900","1996-11-18","Stuttgart","Germany","0711-020361"
"LILA-Supermercado","Carlos González","Carrera 52 con Ave. Bolívar #65-98 Llano Largo","1996-11-19","Barquisimeto","Venezuela","(9) 331-6954"
"La maison d'Asie","Annette Roulet","1 rue Alsace-Lorraine","1996-11-20","Toulouse","France","61.77.61.10"
"Seven Seas Imports","Hari Kumar","90 Wadhurst Rd.","1996-11-21","London","UK","(171) 555-1717"
"Blondesddsl père et fils","Frédérique Citeaux","24, place Kléber","1996-11-22","Strasbourg","France","88.60.15.31"
"QUICK-Stop","Horst Kloss","Taucherstraße 10","1996-11-22","Cunewalde","Germany","0372-035188"
"Bon app'","Laurence Lebihan","12, rue des Bouchers","1996-11-25","Marseille","France","91.24.45.40"
"Drachenblut Delikatessen","Sven Ottlieb","Walserweg 21","1996-11-26","Aachen","Germany","0241-039123"
"Eastern Connection","Ann Devon","35 King George","1996-11-26","London","UK","(171) 555-0297"
"Antonio Moreno Taquería","Antonio Moreno","Mataderos  2312","1996-11-27","México D.F.","Mexico","(5) 555-3932"
"Galería del gastrónomo","Eduardo Saavedra","Rambla de Cataluña, 23","1996-11-28","Barcelona","Spain","(93) 203 4560"
"Vaffeljernet","Palle Ibsen","Smagsloget 45","1996-11-28","Århus","Denmark","86 21 32 43"
"Ernst Handel","Roland Mendel","Kirchgasse 6","1996-11-29","Graz","Austria","7675-3425"
"Split Rail Beer & Ale","Art Braunschweiger","P.O. Box 555","1996-12-02","Lander","USA","(307) 555-4680"
"Chop-suey Chinese","Yang Wang","Hauptstr. 29","1996-12-03","Bern","Switzerland","0452-076545"
"La maison d'Asie","Annette Roulet","1 rue Alsace-Lorraine","1996-12-03","Toulouse","France","61.77.61.10"
"Queen Cozinha","Lúcia Carvalho","Alameda dos Canàrios, 891","1996-12-04","Sao Paulo","Brazil","(11) 555-1189"
"Hungry Owl All-Night Grocers","Patricia McKenna","8 Johnstown Road","1996-12-05","Cork","Ireland","2967 542"
"Wolski  Zajazd","Zbyszek Piestrzeniewicz","ul. Filtrowa 68","1996-12-05","Warszawa","Poland","(26) 642-7012"
"Hungry Coyote Import Store","Yoshi Latimer","City Center Plaza 516 Main St.","1996-12-06","Elgin","USA","(503) 555-6874"
"Mère Paillarde","Jean Fresnière","43 rue St. Laurent","1996-12-09","Montréal","Canada","(514) 555-8054"
"Seven Seas Imports","Hari Kumar","90 Wadhurst Rd.","1996-12-09","London","UK","(171) 555-1717"
"Folk och fä HB","Maria Larsson","Åkergatan 24","1996-12-10","Bräcke","Sweden","0695-34 67 21"
"Que Delícia","Bernardo Batista","Rua da Panificadora, 12","1996-12-11","Rio de Janeiro","Brazil","(21) 555-4252"
"Hungry Owl All-Night Grocers","Patricia McKenna","8 Johnstown Road","1996-12-12","Cork","Ireland","2967 542"
"LILA-Supermercado","Carlos González","Carrera 52 con Ave. Bolívar #65-98 Llano Largo","1996-12-12","Barquisimeto","Venezuela","(9) 331-6954"
"Ernst Handel","Roland Mendel","Kirchgasse 6","1996-12-13","Graz","Austria","7675-3425"
"Around the Horn","Thomas Hardy","120 Hanover Sq.","1996-12-16","Colchester","UK","(171) 555-7788"
"Berglunds snabbköp","Christina Berglund","Berguvsvägen  8","1996-12-16","Luleå","Sweden","0921-12 34 65"
"Split Rail Beer & Ale","Art Braunschweiger","P.O. Box 555","1996-12-17","Lander","USA","(307) 555-4680"
"Familia Arquibaldo","Aria Cruz","Rua Orós, 92","1996-12-18","Sao Paulo","Brazil","(11) 555-9857"
"Santé Gourmet","Jonas Bergulfsen","Erling Skakkes gate 78","1996-12-18","Stavern","Norway","07-98 92 35"
"Seven Seas Imports","Hari Kumar","90 Wadhurst Rd.","1996-12-19","London","UK","(171) 555-1717"
"Bottom-Dollar Markets","Elizabeth Lincoln","23 Tsawassen Blvd.","1996-12-20","Tsawassen","Canada","(604) 555-4729"
"Ernst Handel","Roland Mendel","Kirchgasse 6","1996-12-23","Graz","Austria","7675-3425"
"Drachenblut Delikatessen","Sven Ottlieb","Walserweg 21","1996-12-23","Aachen","Germany","0241-039123"
"Piccolo und mehr","Georg Pipps","Geislweg 14","1996-12-24","Salzburg","Austria","6562-9722"
"Save-a-lot Markets","Jose Pavarotti","187 Suffolk Ln.","1996-12-25","Boise","USA","(208) 555-8097"
"Hungry Coyote Import Store","Yoshi Latimer","City Center Plaza 516 Main St.","1996-12-25","Elgin","USA","(503) 555-6874"
"HILARION-Abastos","Carlos Hernández","Carrera 22 con Ave. Carlos Soublette #8-35","1996-12-26","San Cristóbal","Venezuela","(5) 555-1340"
"Frankenversand","Peter Franken","Berliner Platz 43","1996-12-27","München","Germany","089-0877310"
"Princesa Isabel Vinhos","Isabel de Castro","Estrada da saúde n. 58","1996-12-27","Lisboa","Portugal","(1) 356-5634"
"Save-a-lot Markets","Jose Pavarotti","187 Suffolk Ln.","1996-12-30","Boise","USA","(208) 555-8097"
"Vaffeljernet","Palle Ibsen","Smagsloget 45","1996-12-31","Århus","Denmark","86 21 32 43"
"Eastern Connection","Ann Devon","35 King George","1997-01-01","London","UK","(171) 555-0297"
"Rattlesnake Canyon Grocery","Paula Wilson","2817 Milton Dr.","1997-01-01","Albuquerque","USA","(505) 555-5939"
"Ernst Handel","Roland Mendel","Kirchgasse 6","1997-01-02","Graz","Austria","7675-3425"
"Ernst Handel","Roland Mendel","Kirchgasse 6","1997-01-03","Graz","Austria","7675-3425"
"Magazzini Alimentari Riuniti","Giovanni Rovelli","Via Ludovico il Moro 22","1997-01-03","Bergamo","Italy","035-640230"
"LINO-Delicateses","Felipe Izquierdo","Ave. 5 de Mayo Porlamar","1997-01-06","I. de Margarita","Venezuela","(8) 34-56-12"
"Queen Cozinha","Lúcia Carvalho","Alameda dos Canàrios, 891","1997-01-07","Sao Paulo","Brazil","(11) 555-1189"
"Ottilies Käseladen","Henriette Pfalzheim","Mehrheimerstr. 369","1997-01-07","Köln","Germany","0221-0644327"
"Folies gourmandes","Martine Rancé","184, chaussée de Tournai","1997-01-08","Lille","France","20.16.10.16"
"Océano Atlántico Ltda.","Yvonne Moncada","Ing. Gustavo Moncada 8585 Piso 20-A","1997-01-09","Buenos Aires","Argentina","(1) 135-5333"
"Bottom-Dollar Markets","Elizabeth Lincoln","23 Tsawassen Blvd.","1997-01-10","Tsawassen","Canada","(604) 555-4729"
"Bottom-Dollar Markets","Elizabeth Lincoln","23 Tsawassen Blvd.","1997-01-10","Tsawassen","Canada","(604) 555-4729"
"Wartian Herkku","Pirkko Koskitalo","Torikatu 38","1997-01-13","Oulu","Finland","981-443655"
"La maison d'Asie","Annette Roulet","1 rue Alsace-Lorraine","1997-01-14","Toulouse","France","61.77.61.10"
"Familia Arquibaldo","Aria Cruz","Rua Orós, 92","1997-01-14","Sao Paulo","Brazil","(11) 555-9857"
"Hungry Coyote Import Store","Yoshi Latimer","City Center Plaza 516 Main St.","1997-01-15","Elgin","USA","(503) 555-6874"
"Wartian Herkku","Pirkko Koskitalo","Torikatu 38","1997-01-16","Oulu","Finland","981-443655"
"Simons bistro","Jytte Petersen","Vinbæltet 34","1997-01-16","Kobenhavn","Denmark","31 12 34 56"
"QUICK-Stop","Horst Kloss","Taucherstraße 10","1997-01-17","Cunewalde","Germany","0372-035188"
"Richter Supermarkt","Michael Holz","Grenzacherweg 237","1997-01-20","Genève","Switzerland","0897-034214"
"Wellington Importadora","Paula Parente","Rua do Mercado, 12","1997-01-21","Resende","Brazil","(14) 555-8122"
"Que Delícia","Bernardo Batista","Rua da Panificadora, 12","1997-01-21","Rio de Janeiro","Brazil","(21) 555-4252"
"Franchi S.p.A.","Paolo Accorti","Via Monte Bianco 34","1997-01-22","Torino","Italy","011-4988260"
"Gourmet Lanchonetes","André Fonseca","Av. Brasil, 442","1997-01-23","Campinas","Brazil","(11) 555-9482"
"Mère Paillarde","Jean Fresnière","43 rue St. Laurent","1997-01-23","Montréal","Canada","(514) 555-8054"
"La maison d'Asie","Annette Roulet","1 rue Alsace-Lorraine","1997-01-24","Toulouse","France","61.77.61.10"
"Galería del gastrónomo","Eduardo Saavedra","Rambla de Cataluña, 23","1997-01-27","Barcelona","Spain","(93) 203 4560"
"Piccolo und mehr","Georg Pipps","Geislweg 14","1997-01-27","Salzburg","Austria","6562-9722"
"Reggiani Caseifici","Maurizio Moroni","Strada Provinciale 124","1997-01-28","Reggio Emilia","Italy","0522-556721"
"Hungry Owl All-Night Grocers","Patricia McKenna","8 Johnstown Road","1997-01-29","Cork","Ireland","2967 542"
"Ernst Handel","Roland Mendel","Kirchgasse 6","1997-01-30","Graz","Austria","7675-3425"
"Bottom-Dollar Markets","Elizabeth Lincoln","23 Tsawassen Blvd.","1997-01-30","Tsawassen","Canada","(604) 555-4729"
"Split Rail Beer & Ale","Art Braunschweiger","P.O. Box 555","1997-01-31","Lander","USA","(307) 555-4680"
"Princesa Isabel Vinhos","Isabel de Castro","Estrada da saúde n. 58","1997-02-03","Lisboa","Portugal","(1) 356-5634"
"Folk och fä HB","Maria Larsson","Åkergatan 24","1997-02-03","Bräcke","Sweden","0695-34 67 21"
"Consolidated Holdings","Elizabeth Brown","Berkeley Gardens 12  Brewery","1997-02-04","London","UK","(171) 555-2282"
"Blondesddsl père et fils","Frédérique Citeaux","24, place Kléber","1997-02-05","Strasbourg","France","88.60.15.31"
"Wartian Herkku","Pirkko Koskitalo","Torikatu 38","1997-02-05","Oulu","Finland","981-443655"
"Toms Spezialitäten","Karin Josephs","Luisenstr. 48","1997-02-06","Münster","Germany","0251-031259"
"Mère Paillarde","Jean Fresnière","43 rue St. Laurent","1997-02-07","Montréal","Canada","(514) 555-8054"
"Save-a-lot Markets","Jose Pavarotti","187 Suffolk Ln.","1997-02-10","Boise","USA","(208) 555-8097"
"Old World Delicatessen","Rene Phillips","2743 Bering St.","1997-02-10","Anchorage","USA","(907) 555-7584"
"Ernst Handel","Roland Mendel","Kirchgasse 6","1997-02-11","Graz","Austria","7675-3425"
"Reggiani Caseifici","Maurizio Moroni","Strada Provinciale 124","1997-02-12","Reggio Emilia","Italy","0522-556721"
"Berglunds snabbköp","Christina Berglund","Berguvsvägen  8","1997-02-12","Luleå","Sweden","0921-12 34 65"
"Berglunds snabbköp","Christina Berglund","Berguvsvägen  8","1997-02-13","Luleå","Sweden","0921-12 34 65"
"Toms Spezialitäten","Karin Josephs","Luisenstr. 48","1997-02-14","Münster","Germany","0251-031259"
"Ricardo Adocicados","Janete Limeira","Av. Copacabana, 267","1997-02-14","Rio de Janeiro","Brazil","(21) 555-3412"
"Rancho grande","Sergio Gutiérrez","Av. del Libertador 900","1997-02-17","Buenos Aires","Argentina","(1) 123-5555"
"Blondesddsl père et fils","Frédérique Citeaux","24, place Kléber","1997-02-18","Strasbourg","France","88.60.15.31"
"Victuailles en stock","Mary Saveley","2, rue du Commerce","1997-02-19","Lyon","France","78.32.54.86"
"QUICK-Stop","Horst Kloss","Taucherstraße 10","1997-02-19","Cunewalde","Germany","0372-035188"
"Save-a-lot Markets","Jose Pavarotti","187 Suffolk Ln.","1997-02-20","Boise","USA","(208) 555-8097"
"Around the Horn","Thomas Hardy","120 Hanover Sq.","1997-02-21","Colchester","UK","(171) 555-7788"
"La maison d'Asie","Annette Roulet","1 rue Alsace-Lorraine","1997-02-21","Toulouse","France","61.77.61.10"
"Wartian Herkku","Pirkko Koskitalo","Torikatu 38","1997-02-24","Oulu","Finland","981-443655"
"Königlich Essen","Philip Cramer","Maubelstr. 90","1997-02-25","Brandenburg","Germany","0555-09876"
"Königlich Essen","Philip Cramer","Maubelstr. 90","1997-02-25","Brandenburg","Germany","0555-09876"
"Suprêmes délices","Pascale Cartrain","Boulevard Tirou, 255","1997-02-26","Charleroi","Belgium","(071) 23 67 22 20"
"Victuailles en stock","Mary Saveley","2, rue du Commerce","1997-02-27","Lyon","France","78.32.54.86"
"Folk och fä HB","Maria Larsson","Åkergatan 24","1997-02-28","Bräcke","Sweden","0695-34 67 21"
"LILA-Supermercado","Carlos González","Carrera 52 con Ave. Bolívar #65-98 Llano Largo","1997-02-28","Barquisimeto","Venezuela","(9) 331-6954"
"Consolidated Holdings","Elizabeth Brown","Berkeley Gardens 12  Brewery","1997-03-03","London","UK","(171) 555-2282"
"Suprêmes délices","Pascale Cartrain","Boulevard Tirou, 255","1997-03-04","Charleroi","Belgium","(071) 23 67 22 20"
"Furia Bacalhau e Frutos do Mar","Lino Rodriguez","Jardim das rosas n. 32","1997-03-04","Lisboa","Portugal","(1) 354-2534"
"Vaffeljernet","Palle Ibsen","Smagsloget 45","1997-03-05","Århus","Denmark","86 21 32 43"
"Comércio Mineiro","Pedro Afonso","Av. dos Lusíadas, 23","1997-03-06","Sao Paulo","Brazil","(11) 555-7647"
"Magazzini Alimentari Riuniti","Giovanni Rovelli","Via Ludovico il Moro 22","1997-03-06","Bergamo","Italy","035-640230"
"Königlich Essen","Philip Cramer","Maubelstr. 90","1997-03-07","Brandenburg","Germany","0555-09876"
"White Clover Markets","Karl Jablonski","305 - 14th Ave. S. Suite 3B","1997-03-10","Seattle","USA","(206) 555-4112"
"Bon app'","Laurence Lebihan","12, rue des Bouchers","1997-03-11","Marseille","France","91.24.45.40"
"B's Beverages","Victoria Ashworth","Fauntleroy Circus","1997-03-11","London","UK","(171) 555-1212"
"Seven Seas Imports","Hari Kumar","90 Wadhurst Rd.","1997-03-12","London","UK","(171) 555-1717"
"Island Trading","Helen Bennett","Garden House Crowther Way","1997-03-13","Cowes","UK","(198) 555-8888"
"Pericles Comidas clásicas","Guillermo Fernández","Calle Dr. Jorge Cash 321","1997-03-13","México D.F.","Mexico","(5) 552-3745"
"Suprêmes délices","Pascale Cartrain","Boulevard Tirou, 255","1997-03-14","Charleroi","Belgium","(071) 23 67 22 20"
"HILARION-Abastos","Carlos Hernández","Carrera 22 con Ave. Carlos Soublette #8-35","1997-03-17","San Cristóbal","Venezuela","(5) 555-1340"
"Princesa Isabel Vinhos","Isabel de Castro","Estrada da saúde n. 58","1997-03-17","Lisboa","Portugal","(1) 356-5634"
"Victuailles en stock","Mary Saveley","2, rue du Commerce","1997-03-18","Lyon","France","78.32.54.86"
"Rattlesnake Canyon Grocery","Paula Wilson","2817 Milton Dr.","1997-03-19","Albuquerque","USA","(505) 555-5939"
"Folies gourmandes","Martine Rancé","184, chaussée de Tournai","1997-03-20","Lille","France","20.16.10.16"
"Ricardo Adocicados","Janete Limeira","Av. Copacabana, 267","1997-03-20","Rio de Janeiro","Brazil","(21) 555-3412"
"Lazy K Kountry Store","John Steel","12 Orchestra Terrace","1997-03-21","Walla Walla","USA","(509) 555-7969"
"White Clover Markets","Karl Jablonski","305 - 14th Ave. S. Suite 3B","1997-03-24","Seattle","USA","(206) 555-4112"
"B's Beverages","Victoria Ashworth","Fauntleroy Circus","1997-03-24","London","UK","(171) 555-1212"
"LINO-Delicateses","Felipe Izquierdo","Ave. 5 de Mayo Porlamar","1997-03-25","I. de Margarita","Venezuela","(8) 34-56-12"
"HILARION-Abastos","Carlos Hernández","Carrera 22 con Ave. Carlos Soublette #8-35","1997-03-26","San Cristóbal","Venezuela","(5) 555-1340"
"Queen Cozinha","Lúcia Carvalho","Alameda dos Canàrios, 891","1997-03-26","Sao Paulo","Brazil","(11) 555-1189"
"Frankenversand","Peter Franken","Berliner Platz 43","1997-03-27","München","Germany","089-0877310"
"Piccolo und mehr","Georg Pipps","Geislweg 14","1997-03-28","Salzburg","Austria","6562-9722"
"HILARION-Abastos","Carlos Hernández","Carrera 22 con Ave. Carlos Soublette #8-35","1997-03-31","San Cristóbal","Venezuela","(5) 555-1340"
"Furia Bacalhau e Frutos do Mar","Lino Rodriguez","Jardim das rosas n. 32","1997-03-31","Lisboa","Portugal","(1) 354-2534"
"Bottom-Dollar Markets","Elizabeth Lincoln","23 Tsawassen Blvd.","1997-04-01","Tsawassen","Canada","(604) 555-4729"
"La maison d'Asie","Annette Roulet","1 rue Alsace-Lorraine","1997-04-02","Toulouse","France","61.77.61.10"
"Comércio Mineiro","Pedro Afonso","Av. dos Lusíadas, 23","1997-04-02","Sao Paulo","Brazil","(11) 555-7647"
"Laughing Bacchus Wine Cellars","Yoshi Tannamuri","1900 Oak St.","1997-04-03","Vancouver","Canada","(604) 555-3392"
"Tradição Hipermercados","Anabela Domingues","Av. Inês de Castro, 414","1997-04-04","Sao Paulo","Brazil","(11) 555-2167"
"Lehmanns Marktstand","Renate Messner","Magazinweg 7","1997-04-04","Frankfurt a.M.","Germany","069-0245984"
"HILARION-Abastos","Carlos Hernández","Carrera 22 con Ave. Carlos Soublette #8-35","1997-04-07","San Cristóbal","Venezuela","(5) 555-1340"
"LILA-Supermercado","Carlos González","Carrera 52 con Ave. Bolívar #65-98 Llano Largo","1997-04-08","Barquisimeto","Venezuela","(9) 331-6954"
"La maison d'Asie","Annette Roulet","1 rue Alsace-Lorraine","1997-04-09","Toulouse","France","61.77.61.10"
"Blauer See Delikatessen","Hanna Moos","Forsterstr. 57","1997-04-09","Mannheim","Germany","0621-08460"
"Pericles Comidas clásicas","Guillermo Fernández","Calle Dr. Jorge Cash 321","1997-04-10","México D.F.","Mexico","(5) 552-3745"
"Hungry Owl All-Night Grocers","Patricia McKenna","8 Johnstown Road","1997-04-11","Cork","Ireland","2967 542"
"White Clover Markets","Karl Jablonski","305 - 14th Ave. S. Suite 3B","1997-04-11","Seattle","USA","(206) 555-4112"
"Mère Paillarde","Jean Fresnière","43 rue St. Laurent","1997-04-14","Montréal","Canada","(514) 555-8054"
"Königlich Essen","Philip Cramer","Maubelstr. 90","1997-04-15","Brandenburg","Germany","0555-09876"
"Antonio Moreno Taquería","Antonio Moreno","Mataderos  2312","1997-04-15","México D.F.","Mexico","(5) 555-3932"
"Ottilies Käseladen","Henriette Pfalzheim","Mehrheimerstr. 369","1997-04-16","Köln","Germany","0221-0644327"
"Blauer See Delikatessen","Hanna Moos","Forsterstr. 57","1997-04-17","Mannheim","Germany","0621-08460"
"Save-a-lot Markets","Jose Pavarotti","187 Suffolk Ln.","1997-04-18","Boise","USA","(208) 555-8097"
"Bon app'","Laurence Lebihan","12, rue des Bouchers","1997-04-18","Marseille","France","91.24.45.40"
"Familia Arquibaldo","Aria Cruz","Rua Orós, 92","1997-04-21","Sao Paulo","Brazil","(11) 555-9857"
"Die Wandernde Kuh","Rita Müller","Adenauerallee 900","1997-04-22","Stuttgart","Germany","0711-020361"
"Ernst Handel","Roland Mendel","Kirchgasse 6","1997-04-22","Graz","Austria","7675-3425"
"QUICK-Stop","Horst Kloss","Taucherstraße 10","1997-04-23","Cunewalde","Germany","0372-035188"
"Hungry Owl All-Night Grocers","Patricia McKenna","8 Johnstown Road","1997-04-24","Cork","Ireland","2967 542"
"North/South","Simon Crowther","South House 300 Queensbridge","1997-04-24","London","UK","(171) 555-7733"
"Tortuga Restaurante","Miguel Angel Paolino","Avda. Azteca 123","1997-04-25","México D.F.","Mexico","(5) 555-2933"
"Chop-suey Chinese","Yang Wang","Hauptstr. 29","1997-04-28","Bern","Switzerland","0452-076545"
"Santé Gourmet","Jonas Bergulfsen","Erling Skakkes gate 78","1997-04-29","Stavern","Norway","07-98 92 35"
"Cactus Comidas para llevar","Patricio Simpson","Cerrito 333","1997-04-29","Buenos Aires","Argentina","(1) 135-5555"
"Lehmanns Marktstand","Renate Messner","Magazinweg 7","1997-04-30","Frankfurt a.M.","Germany","069-0245984"
"Seven Seas Imports","Hari Kumar","90 Wadhurst Rd.","1997-05-01","London","UK","(171) 555-1717"
"Berglunds snabbköp","Christina Berglund","Berguvsvägen  8","1997-05-01","Luleå","Sweden","0921-12 34 65"
"Bon app'","Laurence Lebihan","12, rue des Bouchers","1997-05-02","Marseille","France","91.24.45.40"
"Wartian Herkku","Pirkko Koskitalo","Torikatu 38","1997-05-05","Oulu","Finland","981-443655"
"QUICK-Stop","Horst Kloss","Taucherstraße 10","1997-05-05","Cunewalde","Germany","0372-035188"
"Great Lakes Food Market","Howard Snyder","2732 Baker Blvd.","1997-05-06","Eugene","USA","(503) 555-7555"
"Maison Dewey","Catherine Dewey","Rue Joseph-Bens 532","1997-05-07","Bruxelles","Belgium","(02) 201 24 67"
"Piccolo und mehr","Georg Pipps","Geislweg 14","1997-05-08","Salzburg","Austria","6562-9722"
"Océano Atlántico Ltda.","Yvonne Moncada","Ing. Gustavo Moncada 8585 Piso 20-A","1997-05-08","Buenos Aires","Argentina","(1) 135-5333"
"Eastern Connection","Ann Devon","35 King George","1997-05-09","London","UK","(171) 555-0297"
"Folk och fä HB","Maria Larsson","Åkergatan 24","1997-05-12","Bräcke","Sweden","0695-34 67 21"
"Lehmanns Marktstand","Renate Messner","Magazinweg 7","1997-05-12","Frankfurt a.M.","Germany","069-0245984"
"Antonio Moreno Taquería","Antonio Moreno","Mataderos  2312","1997-05-13","México D.F.","Mexico","(5) 555-3932"
"Lehmanns Marktstand","Renate Messner","Magazinweg 7","1997-05-14","Frankfurt a.M.","Germany","069-0245984"
"Richter Supermarkt","Michael Holz","Grenzacherweg 237","1997-05-14","Genève","Switzerland","0897-034214"
"B's Beverages","Victoria Ashworth","Fauntleroy Circus","1997-05-15","London","UK","(171) 555-1212"
"B's Beverages","Victoria Ashworth","Fauntleroy Circus","1997-05-16","London","UK","(171) 555-1212"
"QUICK-Stop","Horst Kloss","Taucherstraße 10","1997-05-19","Cunewalde","Germany","0372-035188"
"Hanari Carnes","Mario Pontes","Rua do Paço, 67","1997-05-19","Rio de Janeiro","Brazil","(21) 555-0091"
"Königlich Essen","Philip Cramer","Maubelstr. 90","1997-05-20","Brandenburg","Germany","0555-09876"
"LILA-Supermercado","Carlos González","Carrera 52 con Ave. Bolívar #65-98 Llano Largo","1997-05-21","Barquisimeto","Venezuela","(9) 331-6954"
"Lonesome Pine Restaurant","Fran Wilson","89 Chiaroscuro Rd.","1997-05-21","Portland","USA","(503) 555-9573"
"Lazy K Kountry Store","John Steel","12 Orchestra Terrace","1997-05-22","Walla Walla","USA","(509) 555-7969"
"Victuailles en stock","Mary Saveley","2, rue du Commerce","1997-05-23","Lyon","France","78.32.54.86"
"Seven Seas Imports","Hari Kumar","90 Wadhurst Rd.","1997-05-23","London","UK","(171) 555-1717"
"Toms Spezialitäten","Karin Josephs","Luisenstr. 48","1997-05-26","Münster","Germany","0251-031259"
"QUICK-Stop","Horst Kloss","Taucherstraße 10","1997-05-27","Cunewalde","Germany","0372-035188"
"Godos Cocina Típica","José Pedro Freyre","C/ Romero, 33","1997-05-28","Sevilla","Spain","(95) 555 82 82"
"Furia Bacalhau e Frutos do Mar","Lino Rodriguez","Jardim das rosas n. 32","1997-05-28","Lisboa","Portugal","(1) 354-2534"
"HILARION-Abastos","Carlos Hernández","Carrera 22 con Ave. Carlos Soublette #8-35","1997-05-29","San Cristóbal","Venezuela","(5) 555-1340"
"Wartian Herkku","Pirkko Koskitalo","Torikatu 38","1997-05-30","Oulu","Finland","981-443655"
"Ottilies Käseladen","Henriette Pfalzheim","Mehrheimerstr. 369","1997-05-30","Köln","Germany","0221-0644327"
"Save-a-lot Markets","Jose Pavarotti","187 Suffolk Ln.","1997-06-02","Boise","USA","(208) 555-8097"
"Simons bistro","Jytte Petersen","Vinbæltet 34","1997-06-03","Kobenhavn","Denmark","31 12 34 56"
"Lehmanns Marktstand","Renate Messner","Magazinweg 7","1997-06-03","Frankfurt a.M.","Germany","069-0245984"
"Around the Horn","Thomas Hardy","120 Hanover Sq.","1997-06-04","Colchester","UK","(171) 555-7788"
"Blondesddsl père et fils","Frédérique Citeaux","24, place Kléber","1997-06-05","Strasbourg","France","88.60.15.31"
"Frankenversand","Peter Franken","Berliner Platz 43","1997-06-06","München","Germany","089-0877310"
"Folk och fä HB","Maria Larsson","Åkergatan 24","1997-06-06","Bräcke","Sweden","0695-34 67 21"
"Reggiani Caseifici","Maurizio Moroni","Strada Provinciale 124","1997-06-09","Reggio Emilia","Italy","0522-556721"
"Ricardo Adocicados","Janete Limeira","Av. Copacabana, 267","1997-06-10","Rio de Janeiro","Brazil","(21) 555-3412"
"Rattlesnake Canyon Grocery","Paula Wilson","2817 Milton Dr.","1997-06-10","Albuquerque","USA","(505) 555-5939"
"Mère Paillarde","Jean Fresnière","43 rue St. Laurent","1997-06-11","Montréal","Canada","(514) 555-8054"
"Blondesddsl père et fils","Frédérique Citeaux","24, place Kléber","1997-06-12","Strasbourg","France","88.60.15.31"
"Hungry Owl All-Night Grocers","Patricia McKenna","8 Johnstown Road","1997-06-12","Cork","Ireland","2967 542"
"Galería del gastrónomo","Eduardo Saavedra","Rambla de Cataluña, 23","1997-06-13","Barcelona","Spain","(93) 203 4560"
"Rattlesnake Canyon Grocery","Paula Wilson","2817 Milton Dr.","1997-06-16","Albuquerque","USA","(505) 555-5939"
"Mère Paillarde","Jean Fresnière","43 rue St. Laurent","1997-06-17","Montréal","Canada","(514) 555-8054"
"Ernst Handel","Roland Mendel","Kirchgasse 6","1997-06-17","Graz","Austria","7675-3425"
"Berglunds snabbköp","Christina Berglund","Berguvsvägen  8","1997-06-18","Luleå","Sweden","0921-12 34 65"
"Antonio Moreno Taquería","Antonio Moreno","Mataderos  2312","1997-06-19","México D.F.","Mexico","(5) 555-3932"
"Trail's Head Gourmet Provisioners","Helvetius Nagy","722 DaVinci Blvd.","1997-06-19","Kirkland","USA","(206) 555-8257"
"Morgenstern Gesundkost","Alexander Feuer","Heerstr. 22","1997-06-20","Leipzig","Germany","0342-023176"
"Tortuga Restaurante","Miguel Angel Paolino","Avda. Azteca 123","1997-06-23","México D.F.","Mexico","(5) 555-2933"
"Trail's Head Gourmet Provisioners","Helvetius Nagy","722 DaVinci Blvd.","1997-06-23","Kirkland","USA","(206) 555-8257"
"B's Beverages","Victoria Ashworth","Fauntleroy Circus","1997-06-24","London","UK","(171) 555-1212"
"Let's Stop N Shop","Jaime Yorres","87 Polk St. Suite 5","1997-06-25","San Francisco","USA","(415) 555-5938"
"Ottilies Käseladen","Henriette Pfalzheim","Mehrheimerstr. 369","1997-06-26","Köln","Germany","0221-0644327"
"Familia Arquibaldo","Aria Cruz","Rua Orós, 92","1997-06-26","Sao Paulo","Brazil","(11) 555-9857"
"Blauer See Delikatessen","Hanna Moos","Forsterstr. 57","1997-06-27","Mannheim","Germany","0621-08460"
"Wartian Herkku","Pirkko Koskitalo","Torikatu 38","1997-06-30","Oulu","Finland","981-443655"
"Blondesddsl père et fils","Frédérique Citeaux","24, place Kléber","1997-06-30","Strasbourg","France","88.60.15.31"
"Wellington Importadora","Paula Parente","Rua do Mercado, 12","1997-07-01","Resende","Brazil","(14) 555-8122"
"Reggiani Caseifici","Maurizio Moroni","Strada Provinciale 124","1997-07-02","Reggio Emilia","Italy","0522-556721"
"Que Delícia","Bernardo Batista","Rua da Panificadora, 12","1997-07-02","Rio de Janeiro","Brazil","(21) 555-4252"
"QUICK-Stop","Horst Kloss","Taucherstraße 10","1997-07-03","Cunewalde","Germany","0372-035188"
"Great Lakes Food Market","Howard Snyder","2732 Baker Blvd.","1997-07-04","Eugene","USA","(503) 555-7555"
"Mère Paillarde","Jean Fresnière","43 rue St. Laurent","1997-07-07","Montréal","Canada","(514) 555-8054"
"Vaffeljernet","Palle Ibsen","Smagsloget 45","1997-07-07","Århus","Denmark","86 21 32 43"
"Lehmanns Marktstand","Renate Messner","Magazinweg 7","1997-07-08","Frankfurt a.M.","Germany","069-0245984"
"Lehmanns Marktstand","Renate Messner","Magazinweg 7","1997-07-09","Frankfurt a.M.","Germany","069-0245984"
"Old World Delicatessen","Rene Phillips","2743 Bering St.","1997-07-09","Anchorage","USA","(907) 555-7584"
"Ernst Handel","Roland Mendel","Kirchgasse 6","1997-07-10","Graz","Austria","7675-3425"
"White Clover Markets","Karl Jablonski","305 - 14th Ave. S. Suite 3B","1997-07-11","Seattle","USA","(206) 555-4112"
"Piccolo und mehr","Georg Pipps","Geislweg 14","1997-07-11","Salzburg","Austria","6562-9722"
"Rattlesnake Canyon Grocery","Paula Wilson","2817 Milton Dr.","1997-07-14","Albuquerque","USA","(505) 555-5939"
"B's Beverages","Victoria Ashworth","Fauntleroy Circus","1997-07-15","London","UK","(171) 555-1212"
"Hungry Coyote Import Store","Yoshi Latimer","City Center Plaza 516 Main St.","1997-07-16","Elgin","USA","(503) 555-6874"
"HILARION-Abastos","Carlos Hernández","Carrera 22 con Ave. Carlos Soublette #8-35","1997-07-16","San Cristóbal","Venezuela","(5) 555-1340"
"Vaffeljernet","Palle Ibsen","Smagsloget 45","1997-07-17","Århus","Denmark","86 21 32 43"
"Save-a-lot Markets","Jose Pavarotti","187 Suffolk Ln.","1997-07-18","Boise","USA","(208) 555-8097"
"Furia Bacalhau e Frutos do Mar","Lino Rodriguez","Jardim das rosas n. 32","1997-07-18","Lisboa","Portugal","(1) 354-2534"
"Mère Paillarde","Jean Fresnière","43 rue St. Laurent","1997-07-21","Montréal","Canada","(514) 555-8054"
"Tradição Hipermercados","Anabela Domingues","Av. Inês de Castro, 414","1997-07-22","Sao Paulo","Brazil","(11) 555-2167"
"Save-a-lot Markets","Jose Pavarotti","187 Suffolk Ln.","1997-07-22","Boise","USA","(208) 555-8097"
"Toms Spezialitäten","Karin Josephs","Luisenstr. 48","1997-07-23","Münster","Germany","0251-031259"
"Du monde entier","Janine Labrune","67, rue des Cinquante Otages","1997-07-24","Nantes","France","40.67.88.88"
"La maison d'Asie","Annette Roulet","1 rue Alsace-Lorraine","1997-07-25","Toulouse","France","61.77.61.10"
"Wolski  Zajazd","Zbyszek Piestrzeniewicz","ul. Filtrowa 68","1997-07-25","Warszawa","Poland","(26) 642-7012"
"Save-a-lot Markets","Jose Pavarotti","187 Suffolk Ln.","1997-07-28","Boise","USA","(208) 555-8097"
"HILARION-Abastos","Carlos Hernández","Carrera 22 con Ave. Carlos Soublette #8-35","1997-07-29","San Cristóbal","Venezuela","(5) 555-1340"
"Blauer See Delikatessen","Hanna Moos","Forsterstr. 57","1997-07-29","Mannheim","Germany","0621-08460"
"Wilman Kala","Matti Karttunen","Keskuskatu 45","1997-07-30","Helsinki","Finland","90-224 8858"
"Great Lakes Food Market","Howard Snyder","2732 Baker Blvd.","1997-07-31","Eugene","USA","(503) 555-7555"
"Great Lakes Food Market","Howard Snyder","2732 Baker Blvd.","1997-07-31","Eugene","USA","(503) 555-7555"
"Mère Paillarde","Jean Fresnière","43 rue St. Laurent","1997-08-01","Montréal","Canada","(514) 555-8054"
"Mère Paillarde","Jean Fresnière","43 rue St. Laurent","1997-08-04","Montréal","Canada","(514) 555-8054"
"Laughing Bacchus Wine Cellars","Yoshi Tannamuri","1900 Oak St.","1997-08-05","Vancouver","Canada","(604) 555-3392"
"Island Trading","Helen Bennett","Garden House Crowther Way","1997-08-05","Cowes","UK","(198) 555-8888"
"Ricardo Adocicados","Janete Limeira","Av. Copacabana, 267","1997-08-06","Rio de Janeiro","Brazil","(21) 555-3412"
"Frankenversand","Peter Franken","Berliner Platz 43","1997-08-07","München","Germany","089-0877310"
"The Cracker Box","Liu Wong","55 Grizzly Peak Rd.","1997-08-07","Butte","USA","(406) 555-5834"
"Ana Trujillo Emparedados y helados","Ana Trujillo","Avda. de la Constitución 2222","1997-08-08","México D.F.","Mexico","(5) 555-4729"
"Berglunds snabbköp","Christina Berglund","Berguvsvägen  8","1997-08-11","Luleå","Sweden","0921-12 34 65"
"Save-a-lot Markets","Jose Pavarotti","187 Suffolk Ln.","1997-08-11","Boise","USA","(208) 555-8097"
"Blondesddsl père et fils","Frédérique Citeaux","24, place Kléber","1997-08-12","Strasbourg","France","88.60.15.31"
"Godos Cocina Típica","José Pedro Freyre","C/ Romero, 33","1997-08-12","Sevilla","Spain","(95) 555 82 82"
"Königlich Essen","Philip Cramer","Maubelstr. 90","1997-08-13","Brandenburg","Germany","0555-09876"
"La maison d'Asie","Annette Roulet","1 rue Alsace-Lorraine","1997-08-14","Toulouse","France","61.77.61.10"
"Die Wandernde Kuh","Rita Müller","Adenauerallee 900","1997-08-14","Stuttgart","Germany","0711-020361"
"Ernst Handel","Roland Mendel","Kirchgasse 6","1997-08-15","Graz","Austria","7675-3425"
"Folies gourmandes","Martine Rancé","184, chaussée de Tournai","1997-08-15","Lille","France","20.16.10.16"
"Magazzini Alimentari Riuniti","Giovanni Rovelli","Via Ludovico il Moro 22","1997-08-18","Bergamo","Italy","035-640230"
"Wartian Herkku","Pirkko Koskitalo","Torikatu 38","1997-08-19","Oulu","Finland","981-443655"
"Queen Cozinha","Lúcia Carvalho","Alameda dos Canàrios, 891","1997-08-19","Sao Paulo","Brazil","(11) 555-1189"
"LINO-Delicateses","Felipe Izquierdo","Ave. 5 de Mayo Porlamar","1997-08-20","I. de Margarita","Venezuela","(8) 34-56-12"
"Santé Gourmet","Jonas Bergulfsen","Erling Skakkes gate 78","1997-08-20","Stavern","Norway","07-98 92 35"
"Die Wandernde Kuh","Rita Müller","Adenauerallee 900","1997-08-21","Stuttgart","Germany","0711-020361"
"HILARION-Abastos","Carlos Hernández","Carrera 22 con Ave. Carlos Soublette #8-35","1997-08-22","San Cristóbal","Venezuela","(5) 555-1340"
"Simons bistro","Jytte Petersen","Vinbæltet 34","1997-08-22","Kobenhavn","Denmark","31 12 34 56"
"Alfreds Futterkiste","Maria Anders","Obere Str. 57","1997-08-25","Berlin","Germany","030-0074321"
"Wellington Importadora","Paula Parente","Rua do Mercado, 12","1997-08-25","Resende","Brazil","(14) 555-8122"
"Hanari Carnes","Mario Pontes","Rua do Paço, 67","1997-08-26","Rio de Janeiro","Brazil","(21) 555-0091"
"Hungry Owl All-Night Grocers","Patricia McKenna","8 Johnstown Road","1997-08-27","Cork","Ireland","2967 542"
"Que Delícia","Bernardo Batista","Rua da Panificadora, 12","1997-08-27","Rio de Janeiro","Brazil","(21) 555-4252"
"Ricardo Adocicados","Janete Limeira","Av. Copacabana, 267","1997-08-28","Rio de Janeiro","Brazil","(21) 555-3412"
"Maison Dewey","Catherine Dewey","Rue Joseph-Bens 532","1997-08-28","Bruxelles","Belgium","(02) 201 24 67"
"Familia Arquibaldo","Aria Cruz","Rua Orós, 92","1997-08-29","Sao Paulo","Brazil","(11) 555-9857"
"Die Wandernde Kuh","Rita Müller","Adenauerallee 900","1997-09-01","Stuttgart","Germany","0711-020361"
"Gourmet Lanchonetes","André Fonseca","Av. Brasil, 442","1997-09-01","Campinas","Brazil","(11) 555-9482"
"Frankenversand","Peter Franken","Berliner Platz 43","1997-09-02","München","Germany","089-0877310"
"Berglunds snabbköp","Christina Berglund","Berguvsvägen  8","1997-09-02","Luleå","Sweden","0921-12 34 65"
"Reggiani Caseifici","Maurizio Moroni","Strada Provinciale 124","1997-09-03","Reggio Emilia","Italy","0522-556721"
"Great Lakes Food Market","Howard Snyder","2732 Baker Blvd.","1997-09-04","Eugene","USA","(503) 555-7555"
"Save-a-lot Markets","Jose Pavarotti","187 Suffolk Ln.","1997-09-04","Boise","USA","(208) 555-8097"
"QUICK-Stop","Horst Kloss","Taucherstraße 10","1997-09-05","Cunewalde","Germany","0372-035188"
"Queen Cozinha","Lúcia Carvalho","Alameda dos Canàrios, 891","1997-09-05","Sao Paulo","Brazil","(11) 555-1189"
"Hungry Coyote Import Store","Yoshi Latimer","City Center Plaza 516 Main St.","1997-09-08","Elgin","USA","(503) 555-6874"
"Hungry Owl All-Night Grocers","Patricia McKenna","8 Johnstown Road","1997-09-09","Cork","Ireland","2967 542"
"Lonesome Pine Restaurant","Fran Wilson","89 Chiaroscuro Rd.","1997-09-09","Portland","USA","(503) 555-9573"
"Bon app'","Laurence Lebihan","12, rue des Bouchers","1997-09-10","Marseille","France","91.24.45.40"
"Furia Bacalhau e Frutos do Mar","Lino Rodriguez","Jardim das rosas n. 32","1997-09-10","Lisboa","Portugal","(1) 354-2534"
"Lonesome Pine Restaurant","Fran Wilson","89 Chiaroscuro Rd.","1997-09-11","Portland","USA","(503) 555-9573"
"Richter Supermarkt","Michael Holz","Grenzacherweg 237","1997-09-12","Genève","Switzerland","0897-034214"
"Ernst Handel","Roland Mendel","Kirchgasse 6","1997-09-12","Graz","Austria","7675-3425"
"Die Wandernde Kuh","Rita Müller","Adenauerallee 900","1997-09-15","Stuttgart","Germany","0711-020361"
"Simons bistro","Jytte Petersen","Vinbæltet 34","1997-09-15","Kobenhavn","Denmark","31 12 34 56"
"Frankenversand","Peter Franken","Berliner Platz 43","1997-09-16","München","Germany","089-0877310"
"France restauration","Carine Schmitt","54, rue Royale","1997-09-17","Nantes","France","40.32.21.21"
"Berglunds snabbköp","Christina Berglund","Berguvsvägen  8","1997-09-17","Luleå","Sweden","0921-12 34 65"
"Wilman Kala","Matti Karttunen","Keskuskatu 45","1997-09-18","Helsinki","Finland","90-224 8858"
"Island Trading","Helen Bennett","Garden House Crowther Way","1997-09-18","Cowes","UK","(198) 555-8888"
"Frankenversand","Peter Franken","Berliner Platz 43","1997-09-19","München","Germany","089-0877310"
"Tortuga Restaurante","Miguel Angel Paolino","Avda. Azteca 123","1997-09-22","México D.F.","Mexico","(5) 555-2933"
"Antonio Moreno Taquería","Antonio Moreno","Mataderos  2312","1997-09-22","México D.F.","Mexico","(5) 555-3932"
"Save-a-lot Markets","Jose Pavarotti","187 Suffolk Ln.","1997-09-23","Boise","USA","(208) 555-8097"
"Blondesddsl père et fils","Frédérique Citeaux","24, place Kléber","1997-09-23","Strasbourg","France","88.60.15.31"
"Old World Delicatessen","Rene Phillips","2743 Bering St.","1997-09-24","Anchorage","USA","(907) 555-7584"
"Great Lakes Food Market","Howard Snyder","2732 Baker Blvd.","1997-09-25","Eugene","USA","(503) 555-7555"
"Antonio Moreno Taquería","Antonio Moreno","Mataderos  2312","1997-09-25","México D.F.","Mexico","(5) 555-3932"
"Du monde entier","Janine Labrune","67, rue des Cinquante Otages","1997-09-26","Nantes","France","40.67.88.88"
"Ottilies Käseladen","Henriette Pfalzheim","Mehrheimerstr. 369","1997-09-26","Köln","Germany","0221-0644327"
"Gourmet Lanchonetes","André Fonseca","Av. Brasil, 442","1997-09-29","Campinas","Brazil","(11) 555-9482"
"Piccolo und mehr","Georg Pipps","Geislweg 14","1997-09-30","Salzburg","Austria","6562-9722"
"Hungry Owl All-Night Grocers","Patricia McKenna","8 Johnstown Road","1997-09-30","Cork","Ireland","2967 542"
"Vaffeljernet","Palle Ibsen","Smagsloget 45","1997-10-01","Århus","Denmark","86 21 32 43"
"Berglunds snabbköp","Christina Berglund","Berguvsvägen  8","1997-10-01","Luleå","Sweden","0921-12 34 65"
"Hanari Carnes","Mario Pontes","Rua do Paço, 67","1997-10-02","Rio de Janeiro","Brazil","(21) 555-0091"
"QUICK-Stop","Horst Kloss","Taucherstraße 10","1997-10-03","Cunewalde","Germany","0372-035188"
"Alfreds Futterkiste","Maria Anders","Obere Str. 57","1997-10-03","Berlin","Germany","030-0074321"
"White Clover Markets","Karl Jablonski","305 - 14th Ave. S. Suite 3B","1997-10-06","Seattle","USA","(206) 555-4112"
"QUICK-Stop","Horst Kloss","Taucherstraße 10","1997-10-06","Cunewalde","Germany","0372-035188"
"Wilman Kala","Matti Karttunen","Keskuskatu 45","1997-10-07","Helsinki","Finland","90-224 8858"
"White Clover Markets","Karl Jablonski","305 - 14th Ave. S. Suite 3B","1997-10-08","Seattle","USA","(206) 555-4112"
"LINO-Delicateses","Felipe Izquierdo","Ave. 5 de Mayo Porlamar","1997-10-08","I. de Margarita","Venezuela","(8) 34-56-12"
"Ernst Handel","Roland Mendel","Kirchgasse 6","1997-10-09","Graz","Austria","7675-3425"
"Morgenstern Gesundkost","Alexander Feuer","Heerstr. 22","1997-10-09","Leipzig","Germany","0342-023176"
"Save-a-lot Markets","Jose Pavarotti","187 Suffolk Ln.","1997-10-10","Boise","USA","(208) 555-8097"
"Hungry Owl All-Night Grocers","Patricia McKenna","8 Johnstown Road","1997-10-13","Cork","Ireland","2967 542"
"Alfreds Futterkiste","Maria Anders","Obere Str. 57","1997-10-13","Berlin","Germany","030-0074321"
"Folk och fä HB","Maria Larsson","Åkergatan 24","1997-10-14","Bräcke","Sweden","0695-34 67 21"
"Queen Cozinha","Lúcia Carvalho","Alameda dos Canàrios, 891","1997-10-14","Sao Paulo","Brazil","(11) 555-1189"
"HILARION-Abastos","Carlos Hernández","Carrera 22 con Ave. Carlos Soublette #8-35","1997-10-15","San Cristóbal","Venezuela","(5) 555-1340"
"Old World Delicatessen","Rene Phillips","2743 Bering St.","1997-10-16","Anchorage","USA","(907) 555-7584"
"Around the Horn","Thomas Hardy","120 Hanover Sq.","1997-10-16","Colchester","UK","(171) 555-7788"
"The Big Cheese","Liz Nixon","89 Jefferson Way Suite 2","1997-10-17","Portland","USA","(503) 555-3612"
"Gourmet Lanchonetes","André Fonseca","Av. Brasil, 442","1997-10-17","Campinas","Brazil","(11) 555-9482"
"Franchi S.p.A.","Paolo Accorti","Via Monte Bianco 34","1997-10-20","Torino","Italy","011-4988260"
"Save-a-lot Markets","Jose Pavarotti","187 Suffolk Ln.","1997-10-21","Boise","USA","(208) 555-8097"
"Hungry Owl All-Night Grocers","Patricia McKenna","8 Johnstown Road","1997-10-21","Cork","Ireland","2967 542"
"Save-a-lot Markets","Jose Pavarotti","187 Suffolk Ln.","1997-10-22","Boise","USA","(208) 555-8097"
"Save-a-lot Markets","Jose Pavarotti","187 Suffolk Ln.","1997-10-22","Boise","USA","(208) 555-8097"
"Bon app'","Laurence Lebihan","12, rue des Bouchers","1997-10-23","Marseille","France","91.24.45.40"
"Rancho grande","Sergio Gutiérrez","Av. del Libertador 900","1997-10-24","Buenos Aires","Argentina","(1) 123-5555"
"Frankenversand","Peter Franken","Berliner Platz 43","1997-10-24","München","Germany","089-0877310"
"Königlich Essen","Philip Cramer","Maubelstr. 90","1997-10-27","Brandenburg","Germany","0555-09876"
"Let's Stop N Shop","Jaime Yorres","87 Polk St. Suite 5","1997-10-27","San Francisco","USA","(415) 555-5938"
"Que Delícia","Bernardo Batista","Rua da Panificadora, 12","1997-10-28","Rio de Janeiro","Brazil","(21) 555-4252"
"QUICK-Stop","Horst Kloss","Taucherstraße 10","1997-10-29","Cunewalde","Germany","0372-035188"
"Save-a-lot Markets","Jose Pavarotti","187 Suffolk Ln.","1997-10-29","Boise","USA","(208) 555-8097"
"White Clover Markets","Karl Jablonski","305 - 14th Ave. S. Suite 3B","1997-10-30","Seattle","USA","(206) 555-4112"
"Mère Paillarde","Jean Fresnière","43 rue St. Laurent","1997-10-30","Montréal","Canada","(514) 555-8054"
"Familia Arquibaldo","Aria Cruz","Rua Orós, 92","1997-10-31","Sao Paulo","Brazil","(11) 555-9857"
"Eastern Connection","Ann Devon","35 King George","1997-11-03","London","UK","(171) 555-0297"
"Reggiani Caseifici","Maurizio Moroni","Strada Provinciale 124","1997-11-03","Reggio Emilia","Italy","0522-556721"
"Queen Cozinha","Lúcia Carvalho","Alameda dos Canàrios, 891","1997-11-04","Sao Paulo","Brazil","(11) 555-1189"
"LINO-Delicateses","Felipe Izquierdo","Ave. 5 de Mayo Porlamar","1997-11-04","I. de Margarita","Venezuela","(8) 34-56-12"
"Bon app'","Laurence Lebihan","12, rue des Bouchers","1997-11-05","Marseille","France","91.24.45.40"
"Chop-suey Chinese","Yang Wang","Hauptstr. 29","1997-11-06","Bern","Switzerland","0452-076545"
"Bon app'","Laurence Lebihan","12, rue des Bouchers","1997-11-06","Marseille","France","91.24.45.40"
"Berglunds snabbköp","Christina Berglund","Berguvsvägen  8","1997-11-07","Luleå","Sweden","0921-12 34 65"
"Gourmet Lanchonetes","André Fonseca","Av. Brasil, 442","1997-11-07","Campinas","Brazil","(11) 555-9482"
"Let's Stop N Shop","Jaime Yorres","87 Polk St. Suite 5","1997-11-10","San Francisco","USA","(415) 555-5938"
"Hungry Owl All-Night Grocers","Patricia McKenna","8 Johnstown Road","1997-11-11","Cork","Ireland","2967 542"
"Vins et alcools Chevalier","Paul Henriot","59 rue de l'Abbaye","1997-11-11","Reims","France","26.47.15.10"
"Spécialités du monde","Dominique Perrier","25, rue Lauriston","1997-11-12","Paris","France","(1) 47.55.60.10"
"Vins et alcools Chevalier","Paul Henriot","59 rue de l'Abbaye","1997-11-12","Reims","France","26.47.15.10"
"White Clover Markets","Karl Jablonski","305 - 14th Ave. S. Suite 3B","1997-11-13","Seattle","USA","(206) 555-4112"
"Around the Horn","Thomas Hardy","120 Hanover Sq.","1997-11-14","Colchester","UK","(171) 555-7788"
"Bottom-Dollar Markets","Elizabeth Lincoln","23 Tsawassen Blvd.","1997-11-14","Tsawassen","Canada","(604) 555-4729"
"Around the Horn","Thomas Hardy","120 Hanover Sq.","1997-11-17","Colchester","UK","(171) 555-7788"
"Vaffeljernet","Palle Ibsen","Smagsloget 45","1997-11-17","Århus","Denmark","86 21 32 43"
"QUICK-Stop","Horst Kloss","Taucherstraße 10","1997-11-18","Cunewalde","Germany","0372-035188"
"Chop-suey Chinese","Yang Wang","Hauptstr. 29","1997-11-19","Bern","Switzerland","0452-076545"
"Piccolo und mehr","Georg Pipps","Geislweg 14","1997-11-19","Salzburg","Austria","6562-9722"
"Save-a-lot Markets","Jose Pavarotti","187 Suffolk Ln.","1997-11-20","Boise","USA","(208) 555-8097"
"Island Trading","Helen Bennett","Garden House Crowther Way","1997-11-20","Cowes","UK","(198) 555-8888"
"Wartian Herkku","Pirkko Koskitalo","Torikatu 38","1997-11-21","Oulu","Finland","981-443655"
"Richter Supermarkt","Michael Holz","Grenzacherweg 237","1997-11-24","Genève","Switzerland","0897-034214"
"North/South","Simon Crowther","South House 300 Queensbridge","1997-11-24","London","UK","(171) 555-7733"
"Franchi S.p.A.","Paolo Accorti","Via Monte Bianco 34","1997-11-25","Torino","Italy","011-4988260"
"Magazzini Alimentari Riuniti","Giovanni Rovelli","Via Ludovico il Moro 22","1997-11-25","Bergamo","Italy","035-640230"
"Bon app'","Laurence Lebihan","12, rue des Bouchers","1997-11-26","Marseille","France","91.24.45.40"
"Split Rail Beer & Ale","Art Braunschweiger","P.O. Box 555","1997-11-27","Lander","USA","(307) 555-4680"
"Save-a-lot Markets","Jose Pavarotti","187 Suffolk Ln.","1997-11-27","Boise","USA","(208) 555-8097"
"Richter Supermarkt","Michael Holz","Grenzacherweg 237","1997-11-28","Genève","Switzerland","0897-034214"
"Ana Trujillo Emparedados y helados","Ana Trujillo","Avda. de la Constitución 2222","1997-11-28","México D.F.","Mexico","(5) 555-4729"
"Maison Dewey","Catherine Dewey","Rue Joseph-Bens 532","1997-12-01","Bruxelles","Belgium","(02) 201 24 67"
"Rattlesnake Canyon Grocery","Paula Wilson","2817 Milton Dr.","1997-12-02","Albuquerque","USA","(505) 555-5939"
"Folk och fä HB","Maria Larsson","Åkergatan 24","1997-12-02","Bräcke","Sweden","0695-34 67 21"
"Folies gourmandes","Martine Rancé","184, chaussée de Tournai","1997-12-03","Lille","France","20.16.10.16"
"Ernst Handel","Roland Mendel","Kirchgasse 6","1997-12-03","Graz","Austria","7675-3425"
"QUICK-Stop","Horst Kloss","Taucherstraße 10","1997-12-04","Cunewalde","Germany","0372-035188"
"Ottilies Käseladen","Henriette Pfalzheim","Mehrheimerstr. 369","1997-12-05","Köln","Germany","0221-0644327"
"Suprêmes délices","Pascale Cartrain","Boulevard Tirou, 255","1997-12-05","Charleroi","Belgium","(071) 23 67 22 20"
"Around the Horn","Thomas Hardy","120 Hanover Sq.","1997-12-08","Colchester","UK","(171) 555-7788"
"Vaffeljernet","Palle Ibsen","Smagsloget 45","1997-12-08","Århus","Denmark","86 21 32 43"
"Hanari Carnes","Mario Pontes","Rua do Paço, 67","1997-12-09","Rio de Janeiro","Brazil","(21) 555-0091"
"Ernst Handel","Roland Mendel","Kirchgasse 6","1997-12-10","Graz","Austria","7675-3425"
"Lehmanns Marktstand","Renate Messner","Magazinweg 7","1997-12-10","Frankfurt a.M.","Germany","069-0245984"
"Ernst Handel","Roland Mendel","Kirchgasse 6","1997-12-11","Graz","Austria","7675-3425"
"Folk och fä HB","Maria Larsson","Åkergatan 24","1997-12-11","Bräcke","Sweden","0695-34 67 21"
"The Cracker Box","Liu Wong","55 Grizzly Peak Rd.","1997-12-12","Butte","USA","(406) 555-5834"
"Ernst Handel","Roland Mendel","Kirchgasse 6","1997-12-15","Graz","Austria","7675-3425"
"Gourmet Lanchonetes","André Fonseca","Av. Brasil, 442","1997-12-15","Campinas","Brazil","(11) 555-9482"
"Berglunds snabbköp","Christina Berglund","Berguvsvägen  8","1997-12-16","Luleå","Sweden","0921-12 34 65"
"Morgenstern Gesundkost","Alexander Feuer","Heerstr. 22","1997-12-16","Leipzig","Germany","0342-023176"
"LILA-Supermercado","Carlos González","Carrera 52 con Ave. Bolívar #65-98 Llano Largo","1997-12-16","Barquisimeto","Venezuela","(9) 331-6954"
"Wartian Herkku","Pirkko Koskitalo","Torikatu 38","1997-12-17","Oulu","Finland","981-443655"
"Cactus Comidas para llevar","Patricio Simpson","Cerrito 333","1997-12-17","Buenos Aires","Argentina","(1) 135-5555"
"Hanari Carnes","Mario Pontes","Rua do Paço, 67","1997-12-18","Rio de Janeiro","Brazil","(21) 555-0091"
"Magazzini Alimentari Riuniti","Giovanni Rovelli","Via Ludovico il Moro 22","1997-12-18","Bergamo","Italy","035-640230"
"GROSELLA-Restaurante","Manuel Pereira","5ª Ave. Los Palos Grandes","1997-12-18","Caracas","Venezuela","(2) 283-2951"
"Queen Cozinha","Lúcia Carvalho","Alameda dos Canàrios, 891","1997-12-19","Sao Paulo","Brazil","(11) 555-1189"
"La maison d'Asie","Annette Roulet","1 rue Alsace-Lorraine","1997-12-19","Toulouse","France","61.77.61.10"
"QUICK-Stop","Horst Kloss","Taucherstraße 10","1997-12-22","Cunewalde","Germany","0372-035188"
"Folies gourmandes","Martine Rancé","184, chaussée de Tournai","1997-12-22","Lille","France","20.16.10.16"
"Gourmet Lanchonetes","André Fonseca","Av. Brasil, 442","1997-12-22","Campinas","Brazil","(11) 555-9482"
"Frankenversand","Peter Franken","Berliner Platz 43","1997-12-23","München","Germany","089-0877310"
"Wolski  Zajazd","Zbyszek Piestrzeniewicz","ul. Filtrowa 68","1997-12-23","Warszawa","Poland","(26) 642-7012"
"Around the Horn","Thomas Hardy","120 Hanover Sq.","1997-12-24","Colchester","UK","(171) 555-7788"
"Que Delícia","Bernardo Batista","Rua da Panificadora, 12","1997-12-24","Rio de Janeiro","Brazil","(21) 555-4252"
"Ernst Handel","Roland Mendel","Kirchgasse 6","1997-12-24","Graz","Austria","7675-3425"
"HILARION-Abastos","Carlos Hernández","Carrera 22 con Ave. Carlos Soublette #8-35","1997-12-25","San Cristóbal","Venezuela","(5) 555-1340"
"Drachenblut Delikatessen","Sven Ottlieb","Walserweg 21","1997-12-25","Aachen","Germany","0241-039123"
"Island Trading","Helen Bennett","Garden House Crowther Way","1997-12-26","Cowes","UK","(198) 555-8888"
"Königlich Essen","Philip Cramer","Maubelstr. 90","1997-12-26","Brandenburg","Germany","0555-09876"
"Seven Seas Imports","Hari Kumar","90 Wadhurst Rd.","1997-12-26","London","UK","(171) 555-1717"
"Bólido Comidas preparadas","Martín Sommer","C/ Araquil, 67","1997-12-29","Madrid","Spain","(91) 555 22 82"
"Simons bistro","Jytte Petersen","Vinbæltet 34","1997-12-29","Kobenhavn","Denmark","31 12 34 56"
"Wellington Importadora","Paula Parente","Rua do Mercado, 12","1997-12-30","Resende","Brazil","(14) 555-8122"
"Seven Seas Imports","Hari Kumar","90 Wadhurst Rd.","1997-12-30","London","UK","(171) 555-1717"
"The Big Cheese","Liz Nixon","89 Jefferson Way Suite 2","1997-12-30","Portland","USA","(503) 555-3612"
"Victuailles en stock","Mary Saveley","2, rue du Commerce","1997-12-31","Lyon","France","78.32.54.86"
"Franchi S.p.A.","Paolo Accorti","Via Monte Bianco 34","1997-12-31","Torino","Italy","011-4988260"
"Old World Delicatessen","Rene Phillips","2743 Bering St.","1998-01-01","Anchorage","USA","(907) 555-7584"
"Wellington Importadora","Paula Parente","Rua do Mercado, 12","1998-01-01","Resende","Brazil","(14) 555-8122"
"Laughing Bacchus Wine Cellars","Yoshi Tannamuri","1900 Oak St.","1998-01-01","Vancouver","Canada","(604) 555-3392"
"LINO-Delicateses","Felipe Izquierdo","Ave. 5 de Mayo Porlamar","1998-01-02","I. de Margarita","Venezuela","(8) 34-56-12"
"Reggiani Caseifici","Maurizio Moroni","Strada Provinciale 124","1998-01-02","Reggio Emilia","Italy","0522-556721"
"Ricardo Adocicados","Janete Limeira","Av. Copacabana, 267","1998-01-05","Rio de Janeiro","Brazil","(21) 555-3412"
"Victuailles en stock","Mary Saveley","2, rue du Commerce","1998-01-05","Lyon","France","78.32.54.86"
"Save-a-lot Markets","Jose Pavarotti","187 Suffolk Ln.","1998-01-05","Boise","USA","(208) 555-8097"
"Great Lakes Food Market","Howard Snyder","2732 Baker Blvd.","1998-01-06","Eugene","USA","(503) 555-7555"
"Königlich Essen","Philip Cramer","Maubelstr. 90","1998-01-06","Brandenburg","Germany","0555-09876"
"Magazzini Alimentari Riuniti","Giovanni Rovelli","Via Ludovico il Moro 22","1998-01-07","Bergamo","Italy","035-640230"
"Cactus Comidas para llevar","Patricio Simpson","Cerrito 333","1998-01-07","Buenos Aires","Argentina","(1) 135-5555"
"Rattlesnake Canyon Grocery","Paula Wilson","2817 Milton Dr.","1998-01-07","Albuquerque","USA","(505) 555-5939"
"Split Rail Beer & Ale","Art Braunschweiger","P.O. Box 555","1998-01-08","Lander","USA","(307) 555-4680"
"Trail's Head Gourmet Provisioners","Helvetius Nagy","722 DaVinci Blvd.","1998-01-08","Kirkland","USA","(206) 555-8257"
"LILA-Supermercado","Carlos González","Carrera 52 con Ave. Bolívar #65-98 Llano Largo","1998-01-09","Barquisimeto","Venezuela","(9) 331-6954"
"Folk och fä HB","Maria Larsson","Åkergatan 24","1998-01-09","Bräcke","Sweden","0695-34 67 21"
"Drachenblut Delikatessen","Sven Ottlieb","Walserweg 21","1998-01-09","Aachen","Germany","0241-039123"
"Blondesddsl père et fils","Frédérique Citeaux","24, place Kléber","1998-01-12","Strasbourg","France","88.60.15.31"
"Bon app'","Laurence Lebihan","12, rue des Bouchers","1998-01-12","Marseille","France","91.24.45.40"
"Rancho grande","Sergio Gutiérrez","Av. del Libertador 900","1998-01-13","Buenos Aires","Argentina","(1) 123-5555"
"Island Trading","Helen Bennett","Garden House Crowther Way","1998-01-13","Cowes","UK","(198) 555-8888"
"Tradição Hipermercados","Anabela Domingues","Av. Inês de Castro, 414","1998-01-13","Sao Paulo","Brazil","(11) 555-2167"
"Santé Gourmet","Jonas Bergulfsen","Erling Skakkes gate 78","1998-01-14","Stavern","Norway","07-98 92 35"
"La maison d'Asie","Annette Roulet","1 rue Alsace-Lorraine","1998-01-14","Toulouse","France","61.77.61.10"
"Ottilies Käseladen","Henriette Pfalzheim","Mehrheimerstr. 369","1998-01-15","Köln","Germany","0221-0644327"
"Tradição Hipermercados","Anabela Domingues","Av. Inês de Castro, 414","1998-01-15","Sao Paulo","Brazil","(11) 555-2167"
"Alfreds Futterkiste","Maria Anders","Obere Str. 57","1998-01-15","Berlin","Germany","030-0074321"
"Ernst Handel","Roland Mendel","Kirchgasse 6","1998-01-16","Graz","Austria","7675-3425"
"Berglunds snabbköp","Christina Berglund","Berguvsvägen  8","1998-01-16","Luleå","Sweden","0921-12 34 65"
"LINO-Delicateses","Felipe Izquierdo","Ave. 5 de Mayo Porlamar","1998-01-19","I. de Margarita","Venezuela","(8) 34-56-12"
"Tradição Hipermercados","Anabela Domingues","Av. Inês de Castro, 414","1998-01-19","Sao Paulo","Brazil","(11) 555-2167"
"LINO-Delicateses","Felipe Izquierdo","Ave. 5 de Mayo Porlamar","1998-01-19","I. de Margarita","Venezuela","(8) 34-56-12"
"Suprêmes délices","Pascale Cartrain","Boulevard Tirou, 255","1998-01-20","Charleroi","Belgium","(071) 23 67 22 20"
"Tortuga Restaurante","Miguel Angel Paolino","Avda. Azteca 123","1998-01-20","México D.F.","Mexico","(5) 555-2933"
"Victuailles en stock","Mary Saveley","2, rue du Commerce","1998-01-21","Lyon","France","78.32.54.86"
"Piccolo und mehr","Georg Pipps","Geislweg 14","1998-01-21","Salzburg","Austria","6562-9722"
"QUICK-Stop","Horst Kloss","Taucherstraße 10","1998-01-21","Cunewalde","Germany","0372-035188"
"Suprêmes délices","Pascale Cartrain","Boulevard Tirou, 255","1998-01-22","Charleroi","Belgium","(071) 23 67 22 20"
"Save-a-lot Markets","Jose Pavarotti","187 Suffolk Ln.","1998-01-22","Boise","USA","(208) 555-8097"
"Consolidated Holdings","Elizabeth Brown","Berkeley Gardens 12  Brewery","1998-01-23","London","UK","(171) 555-2282"
"Königlich Essen","Philip Cramer","Maubelstr. 90","1998-01-23","Brandenburg","Germany","0555-09876"
"Victuailles en stock","Mary Saveley","2, rue du Commerce","1998-01-23","Lyon","France","78.32.54.86"
"Ricardo Adocicados","Janete Limeira","Av. Copacabana, 267","1998-01-26","Rio de Janeiro","Brazil","(21) 555-3412"
"Rattlesnake Canyon Grocery","Paula Wilson","2817 Milton Dr.","1998-01-26","Albuquerque","USA","(505) 555-5939"
"Blauer See Delikatessen","Hanna Moos","Forsterstr. 57","1998-01-27","Mannheim","Germany","0621-08460"
"Ernst Handel","Roland Mendel","Kirchgasse 6","1998-01-27","Graz","Austria","7675-3425"
"Old World Delicatessen","Rene Phillips","2743 Bering St.","1998-01-27","Anchorage","USA","(907) 555-7584"
"Antonio Moreno Taquería","Antonio Moreno","Mataderos  2312","1998-01-28","México D.F.","Mexico","(5) 555-3932"
"Berglunds snabbköp","Christina Berglund","Berguvsvägen  8","1998-01-28","Luleå","Sweden","0921-12 34 65"
"La corne d'abondance","Daniel Tonini","67, avenue de l'Europe","1998-01-29","Versailles","France","30.59.84.10"
"Frankenversand","Peter Franken","Berliner Platz 43","1998-01-29","München","Germany","089-0877310"
"France restauration","Carine Schmitt","54, rue Royale","1998-01-29","Nantes","France","40.32.21.21"
"White Clover Markets","Karl Jablonski","305 - 14th Ave. S. Suite 3B","1998-01-30","Seattle","USA","(206) 555-4112"
"Lehmanns Marktstand","Renate Messner","Magazinweg 7","1998-01-30","Frankfurt a.M.","Germany","069-0245984"
"HILARION-Abastos","Carlos Hernández","Carrera 22 con Ave. Carlos Soublette #8-35","1998-02-02","San Cristóbal","Venezuela","(5) 555-1340"
"Around the Horn","Thomas Hardy","120 Hanover Sq.","1998-02-02","Colchester","UK","(171) 555-7788"
"QUICK-Stop","Horst Kloss","Taucherstraße 10","1998-02-02","Cunewalde","Germany","0372-035188"
"Berglunds snabbköp","Christina Berglund","Berguvsvägen  8","1998-02-03","Luleå","Sweden","0921-12 34 65"
"Lonesome Pine Restaurant","Fran Wilson","89 Chiaroscuro Rd.","1998-02-03","Portland","USA","(503) 555-9573"
"Queen Cozinha","Lúcia Carvalho","Alameda dos Canàrios, 891","1998-02-04","Sao Paulo","Brazil","(11) 555-1189"
"Seven Seas Imports","Hari Kumar","90 Wadhurst Rd.","1998-02-04","London","UK","(171) 555-1717"
"Wolski  Zajazd","Zbyszek Piestrzeniewicz","ul. Filtrowa 68","1998-02-04","Warszawa","Poland","(26) 642-7012"
"Bon app'","Laurence Lebihan","12, rue des Bouchers","1998-02-05","Marseille","France","91.24.45.40"
"Godos Cocina Típica","José Pedro Freyre","C/ Romero, 33","1998-02-05","Sevilla","Spain","(95) 555 82 82"
"Wilman Kala","Matti Karttunen","Keskuskatu 45","1998-02-06","Helsinki","Finland","90-224 8858"
"Godos Cocina Típica","José Pedro Freyre","C/ Romero, 33","1998-02-06","Sevilla","Spain","(95) 555 82 82"
"Berglunds snabbköp","Christina Berglund","Berguvsvägen  8","1998-02-06","Luleå","Sweden","0921-12 34 65"
"Bon app'","Laurence Lebihan","12, rue des Bouchers","1998-02-09","Marseille","France","91.24.45.40"
"Ricardo Adocicados","Janete Limeira","Av. Copacabana, 267","1998-02-09","Rio de Janeiro","Brazil","(21) 555-3412"
"QUICK-Stop","Horst Kloss","Taucherstraße 10","1998-02-10","Cunewalde","Germany","0372-035188"
"Wilman Kala","Matti Karttunen","Keskuskatu 45","1998-02-10","Helsinki","Finland","90-224 8858"
"Folk och fä HB","Maria Larsson","Åkergatan 24","1998-02-10","Bräcke","Sweden","0695-34 67 21"
"Cactus Comidas para llevar","Patricio Simpson","Cerrito 333","1998-02-11","Buenos Aires","Argentina","(1) 135-5555"
"Save-a-lot Markets","Jose Pavarotti","187 Suffolk Ln.","1998-02-11","Boise","USA","(208) 555-8097"
"Lonesome Pine Restaurant","Fran Wilson","89 Chiaroscuro Rd.","1998-02-12","Portland","USA","(503) 555-9573"
"Let's Stop N Shop","Jaime Yorres","87 Polk St. Suite 5","1998-02-12","San Francisco","USA","(415) 555-5938"
"Suprêmes délices","Pascale Cartrain","Boulevard Tirou, 255","1998-02-12","Charleroi","Belgium","(071) 23 67 22 20"
"Hanari Carnes","Mario Pontes","Rua do Paço, 67","1998-02-13","Rio de Janeiro","Brazil","(21) 555-0091"
"Galería del gastrónomo","Eduardo Saavedra","Rambla de Cataluña, 23","1998-02-13","Barcelona","Spain","(93) 203 4560"
"Godos Cocina Típica","José Pedro Freyre","C/ Romero, 33","1998-02-16","Sevilla","Spain","(95) 555 82 82"
"Rattlesnake Canyon Grocery","Paula Wilson","2817 Milton Dr.","1998-02-16","Albuquerque","USA","(505) 555-5939"
"Du monde entier","Janine Labrune","67, rue des Cinquante Otages","1998-02-16","Nantes","France","40.67.88.88"
"Lehmanns Marktstand","Renate Messner","Magazinweg 7","1998-02-17","Frankfurt a.M.","Germany","069-0245984"
"Maison Dewey","Catherine Dewey","Rue Joseph-Bens 532","1998-02-17","Bruxelles","Belgium","(02) 201 24 67"
"Königlich Essen","Philip Cramer","Maubelstr. 90","1998-02-18","Brandenburg","Germany","0555-09876"
"Save-a-lot Markets","Jose Pavarotti","187 Suffolk Ln.","1998-02-18","Boise","USA","(208) 555-8097"
"Ernst Handel","Roland Mendel","Kirchgasse 6","1998-02-18","Graz","Austria","7675-3425"
"Maison Dewey","Catherine Dewey","Rue Joseph-Bens 532","1998-02-19","Bruxelles","Belgium","(02) 201 24 67"
"Hungry Owl All-Night Grocers","Patricia McKenna","8 Johnstown Road","1998-02-19","Cork","Ireland","2967 542"
"Océano Atlántico Ltda.","Yvonne Moncada","Ing. Gustavo Moncada 8585 Piso 20-A","1998-02-20","Buenos Aires","Argentina","(1) 135-5333"
"LILA-Supermercado","Carlos González","Carrera 52 con Ave. Bolívar #65-98 Llano Largo","1998-02-20","Barquisimeto","Venezuela","(9) 331-6954"
"Wellington Importadora","Paula Parente","Rua do Mercado, 12","1998-02-20","Resende","Brazil","(14) 555-8122"
"HILARION-Abastos","Carlos Hernández","Carrera 22 con Ave. Carlos Soublette #8-35","1998-02-23","San Cristóbal","Venezuela","(5) 555-1340"
"Folk och fä HB","Maria Larsson","Åkergatan 24","1998-02-23","Bräcke","Sweden","0695-34 67 21"
"Hanari Carnes","Mario Pontes","Rua do Paço, 67","1998-02-24","Rio de Janeiro","Brazil","(21) 555-0091"
"White Clover Markets","Karl Jablonski","305 - 14th Ave. S. Suite 3B","1998-02-24","Seattle","USA","(206) 555-4112"
"Wellington Importadora","Paula Parente","Rua do Mercado, 12","1998-02-24","Resende","Brazil","(14) 555-8122"
"Wolski  Zajazd","Zbyszek Piestrzeniewicz","ul. Filtrowa 68","1998-02-25","Warszawa","Poland","(26) 642-7012"
"Spécialités du monde","Dominique Perrier","25, rue Lauriston","1998-02-25","Paris","France","(1) 47.55.60.10"
"Reggiani Caseifici","Maurizio Moroni","Strada Provinciale 124","1998-02-26","Reggio Emilia","Italy","0522-556721"
"Santé Gourmet","Jonas Bergulfsen","Erling Skakkes gate 78","1998-02-26","Stavern","Norway","07-98 92 35"
"Wilman Kala","Matti Karttunen","Keskuskatu 45","1998-02-26","Helsinki","Finland","90-224 8858"
"Godos Cocina Típica","José Pedro Freyre","C/ Romero, 33","1998-02-26","Sevilla","Spain","(95) 555 82 82"
"Hungry Owl All-Night Grocers","Patricia McKenna","8 Johnstown Road","1998-02-26","Cork","Ireland","2967 542"
"Queen Cozinha","Lúcia Carvalho","Alameda dos Canàrios, 891","1998-02-26","Sao Paulo","Brazil","(11) 555-1189"
"Queen Cozinha","Lúcia Carvalho","Alameda dos Canàrios, 891","1998-02-27","Sao Paulo","Brazil","(11) 555-1189"
"Tortuga Restaurante","Miguel Angel Paolino","Avda. Azteca 123","1998-02-27","México D.F.","Mexico","(5) 555-2933"
"Rancho grande","Sergio Gutiérrez","Av. del Libertador 900","1998-02-27","Buenos Aires","Argentina","(1) 123-5555"
"Romero y tomillo","Alejandra Camino","Gran Vía, 1","1998-03-02","Madrid","Spain","(91) 745 6200"
"Bottom-Dollar Markets","Elizabeth Lincoln","23 Tsawassen Blvd.","1998-03-02","Tsawassen","Canada","(604) 555-4729"
"LINO-Delicateses","Felipe Izquierdo","Ave. 5 de Mayo Porlamar","1998-03-02","I. de Margarita","Venezuela","(8) 34-56-12"
"Around the Horn","Thomas Hardy","120 Hanover Sq.","1998-03-03","Colchester","UK","(171) 555-7788"
"Vaffeljernet","Palle Ibsen","Smagsloget 45","1998-03-03","Århus","Denmark","86 21 32 43"
"Hanari Carnes","Mario Pontes","Rua do Paço, 67","1998-03-03","Rio de Janeiro","Brazil","(21) 555-0091"
"La maison d'Asie","Annette Roulet","1 rue Alsace-Lorraine","1998-03-03","Toulouse","France","61.77.61.10"
"Berglunds snabbköp","Christina Berglund","Berguvsvägen  8","1998-03-04","Luleå","Sweden","0921-12 34 65"
"Hanari Carnes","Mario Pontes","Rua do Paço, 67","1998-03-04","Rio de Janeiro","Brazil","(21) 555-0091"
"Ana Trujillo Emparedados y helados","Ana Trujillo","Avda. de la Constitución 2222","1998-03-04","México D.F.","Mexico","(5) 555-4729"
"La corne d'abondance","Daniel Tonini","67, avenue de l'Europe","1998-03-05","Versailles","France","30.59.84.10"
"Galería del gastrónomo","Eduardo Saavedra","Rambla de Cataluña, 23","1998-03-05","Barcelona","Spain","(93) 203 4560"
"Frankenversand","Peter Franken","Berliner Platz 43","1998-03-05","München","Germany","089-0877310"
"Suprêmes délices","Pascale Cartrain","Boulevard Tirou, 255","1998-03-06","Charleroi","Belgium","(071) 23 67 22 20"
"Richter Supermarkt","Michael Holz","Grenzacherweg 237","1998-03-06","Genève","Switzerland","0897-034214"
"Bon app'","Laurence Lebihan","12, rue des Bouchers","1998-03-06","Marseille","France","91.24.45.40"
"Island Trading","Helen Bennett","Garden House Crowther Way","1998-03-06","Cowes","UK","(198) 555-8888"
"Lehmanns Marktstand","Renate Messner","Magazinweg 7","1998-03-09","Frankfurt a.M.","Germany","069-0245984"
"Wellington Importadora","Paula Parente","Rua do Mercado, 12","1998-03-09","Resende","Brazil","(14) 555-8122"
"Great Lakes Food Market","Howard Snyder","2732 Baker Blvd.","1998-03-09","Eugene","USA","(503) 555-7555"
"Cactus Comidas para llevar","Patricio Simpson","Cerrito 333","1998-03-10","Buenos Aires","Argentina","(1) 135-5555"
"QUICK-Stop","Horst Kloss","Taucherstraße 10","1998-03-10","Cunewalde","Germany","0372-035188"
"Magazzini Alimentari Riuniti","Giovanni Rovelli","Via Ludovico il Moro 22","1998-03-10","Bergamo","Italy","035-640230"
"Bon app'","Laurence Lebihan","12, rue des Bouchers","1998-03-11","Marseille","France","91.24.45.40"
"Save-a-lot Markets","Jose Pavarotti","187 Suffolk Ln.","1998-03-11","Boise","USA","(208) 555-8097"
"Reggiani Caseifici","Maurizio Moroni","Strada Provinciale 124","1998-03-11","Reggio Emilia","Italy","0522-556721"
"B's Beverages","Victoria Ashworth","Fauntleroy Circus","1998-03-11","London","UK","(171) 555-1212"
"Bottom-Dollar Markets","Elizabeth Lincoln","23 Tsawassen Blvd.","1998-03-12","Tsawassen","Canada","(604) 555-4729"
"Morgenstern Gesundkost","Alexander Feuer","Heerstr. 22","1998-03-12","Leipzig","Germany","0342-023176"
"Vaffeljernet","Palle Ibsen","Smagsloget 45","1998-03-12","Århus","Denmark","86 21 32 43"
"B's Beverages","Victoria Ashworth","Fauntleroy Circus","1998-03-13","London","UK","(171) 555-1212"
"Godos Cocina Típica","José Pedro Freyre","C/ Romero, 33","1998-03-13","Sevilla","Spain","(95) 555 82 82"
"Bottom-Dollar Markets","Elizabeth Lincoln","23 Tsawassen Blvd.","1998-03-13","Tsawassen","Canada","(604) 555-4729"
"Magazzini Alimentari Riuniti","Giovanni Rovelli","Via Ludovico il Moro 22","1998-03-16","Bergamo","Italy","035-640230"
"Richter Supermarkt","Michael Holz","Grenzacherweg 237","1998-03-16","Genève","Switzerland","0897-034214"
"Alfreds Futterkiste","Maria Anders","Obere Str. 57","1998-03-16","Berlin","Germany","030-0074321"
"Around the Horn","Thomas Hardy","120 Hanover Sq.","1998-03-16","Colchester","UK","(171) 555-7788"
"LINO-Delicateses","Felipe Izquierdo","Ave. 5 de Mayo Porlamar","1998-03-17","I. de Margarita","Venezuela","(8) 34-56-12"
"Folk och fä HB","Maria Larsson","Åkergatan 24","1998-03-17","Bräcke","Sweden","0695-34 67 21"
"Blauer See Delikatessen","Hanna Moos","Forsterstr. 57","1998-03-17","Mannheim","Germany","0621-08460"
"HILARION-Abastos","Carlos Hernández","Carrera 22 con Ave. Carlos Soublette #8-35","1998-03-18","San Cristóbal","Venezuela","(5) 555-1340"
"Océano Atlántico Ltda.","Yvonne Moncada","Ing. Gustavo Moncada 8585 Piso 20-A","1998-03-18","Buenos Aires","Argentina","(1) 135-5333"
"Gourmet Lanchonetes","André Fonseca","Av. Brasil, 442","1998-03-18","Campinas","Brazil","(11) 555-9482"
"HILARION-Abastos","Carlos Hernández","Carrera 22 con Ave. Carlos Soublette #8-35","1998-03-19","San Cristóbal","Venezuela","(5) 555-1340"
"Queen Cozinha","Lúcia Carvalho","Alameda dos Canàrios, 891","1998-03-19","Sao Paulo","Brazil","(11) 555-1189"
"QUICK-Stop","Horst Kloss","Taucherstraße 10","1998-03-19","Cunewalde","Germany","0372-035188"
"Furia Bacalhau e Frutos do Mar","Lino Rodriguez","Jardim das rosas n. 32","1998-03-19","Lisboa","Portugal","(1) 354-2534"
"Spécialités du monde","Dominique Perrier","25, rue Lauriston","1998-03-20","Paris","France","(1) 47.55.60.10"
"Old World Delicatessen","Rene Phillips","2743 Bering St.","1998-03-20","Anchorage","USA","(907) 555-7584"
"Chop-suey Chinese","Yang Wang","Hauptstr. 29","1998-03-20","Bern","Switzerland","0452-076545"
"Toms Spezialitäten","Karin Josephs","Luisenstr. 48","1998-03-23","Münster","Germany","0251-031259"
"Ernst Handel","Roland Mendel","Kirchgasse 6","1998-03-23","Graz","Austria","7675-3425"
"Comércio Mineiro","Pedro Afonso","Av. dos Lusíadas, 23","1998-03-23","Sao Paulo","Brazil","(11) 555-7647"
"Bólido Comidas preparadas","Martín Sommer","C/ Araquil, 67","1998-03-24","Madrid","Spain","(91) 555 22 82"
"France restauration","Carine Schmitt","54, rue Royale","1998-03-24","Nantes","France","40.32.21.21"
"La corne d'abondance","Daniel Tonini","67, avenue de l'Europe","1998-03-24","Versailles","France","30.59.84.10"
"La corne d'abondance","Daniel Tonini","67, avenue de l'Europe","1998-03-24","Versailles","France","30.59.84.10"
"Split Rail Beer & Ale","Art Braunschweiger","P.O. Box 555","1998-03-25","Lander","USA","(307) 555-4680"
"Bottom-Dollar Markets","Elizabeth Lincoln","23 Tsawassen Blvd.","1998-03-25","Tsawassen","Canada","(604) 555-4729"
"HILARION-Abastos","Carlos Hernández","Carrera 22 con Ave. Carlos Soublette #8-35","1998-03-25","San Cristóbal","Venezuela","(5) 555-1340"
"Folk och fä HB","Maria Larsson","Åkergatan 24","1998-03-26","Bräcke","Sweden","0695-34 67 21"
"Maison Dewey","Catherine Dewey","Rue Joseph-Bens 532","1998-03-26","Bruxelles","Belgium","(02) 201 24 67"
"Ernst Handel","Roland Mendel","Kirchgasse 6","1998-03-26","Graz","Austria","7675-3425"
"Folk och fä HB","Maria Larsson","Åkergatan 24","1998-03-27","Bräcke","Sweden","0695-34 67 21"
"Hanari Carnes","Mario Pontes","Rua do Paço, 67","1998-03-27","Rio de Janeiro","Brazil","(21) 555-0091"
"Bottom-Dollar Markets","Elizabeth Lincoln","23 Tsawassen Blvd.","1998-03-27","Tsawassen","Canada","(604) 555-4729"
"Save-a-lot Markets","Jose Pavarotti","187 Suffolk Ln.","1998-03-27","Boise","USA","(208) 555-8097"
"Save-a-lot Markets","Jose Pavarotti","187 Suffolk Ln.","1998-03-30","Boise","USA","(208) 555-8097"
"Hungry Owl All-Night Grocers","Patricia McKenna","8 Johnstown Road","1998-03-30","Cork","Ireland","2967 542"
"Océano Atlántico Ltda.","Yvonne Moncada","Ing. Gustavo Moncada 8585 Piso 20-A","1998-03-30","Buenos Aires","Argentina","(1) 135-5333"
"Eastern Connection","Ann Devon","35 King George","1998-03-31","London","UK","(171) 555-0297"
"Rattlesnake Canyon Grocery","Paula Wilson","2817 Milton Dr.","1998-03-31","Albuquerque","USA","(505) 555-5939"
"Que Delícia","Bernardo Batista","Rua da Panificadora, 12","1998-03-31","Rio de Janeiro","Brazil","(21) 555-4252"
"Ernst Handel","Roland Mendel","Kirchgasse 6","1998-04-01","Graz","Austria","7675-3425"
"QUICK-Stop","Horst Kloss","Taucherstraße 10","1998-04-01","Cunewalde","Germany","0372-035188"
"The Big Cheese","Liz Nixon","89 Jefferson Way Suite 2","1998-04-01","Portland","USA","(503) 555-3612"
"Folk och fä HB","Maria Larsson","Åkergatan 24","1998-04-01","Bräcke","Sweden","0695-34 67 21"
"Vaffeljernet","Palle Ibsen","Smagsloget 45","1998-04-02","Århus","Denmark","86 21 32 43"
"Pericles Comidas clásicas","Guillermo Fernández","Calle Dr. Jorge Cash 321","1998-04-02","México D.F.","Mexico","(5) 552-3745"
"QUICK-Stop","Horst Kloss","Taucherstraße 10","1998-04-02","Cunewalde","Germany","0372-035188"
"LILA-Supermercado","Carlos González","Carrera 52 con Ave. Bolívar #65-98 Llano Largo","1998-04-03","Barquisimeto","Venezuela","(9) 331-6954"
"Wolski  Zajazd","Zbyszek Piestrzeniewicz","ul. Filtrowa 68","1998-04-03","Warszawa","Poland","(26) 642-7012"
"Ottilies Käseladen","Henriette Pfalzheim","Mehrheimerstr. 369","1998-04-03","Köln","Germany","0221-0644327"
"Rattlesnake Canyon Grocery","Paula Wilson","2817 Milton Dr.","1998-04-06","Albuquerque","USA","(505) 555-5939"
"Folk och fä HB","Maria Larsson","Åkergatan 24","1998-04-06","Bräcke","Sweden","0695-34 67 21"
"Save-a-lot Markets","Jose Pavarotti","187 Suffolk Ln.","1998-04-06","Boise","USA","(208) 555-8097"
"The Cracker Box","Liu Wong","55 Grizzly Peak Rd.","1998-04-06","Butte","USA","(406) 555-5834"
"Maison Dewey","Catherine Dewey","Rue Joseph-Bens 532","1998-04-07","Bruxelles","Belgium","(02) 201 24 67"
"Wilman Kala","Matti Karttunen","Keskuskatu 45","1998-04-07","Helsinki","Finland","90-224 8858"
"Great Lakes Food Market","Howard Snyder","2732 Baker Blvd.","1998-04-07","Eugene","USA","(503) 555-7555"
"Princesa Isabel Vinhos","Isabel de Castro","Estrada da saúde n. 58","1998-04-08","Lisboa","Portugal","(1) 356-5634"
"Ernst Handel","Roland Mendel","Kirchgasse 6","1998-04-08","Graz","Austria","7675-3425"
"Godos Cocina Típica","José Pedro Freyre","C/ Romero, 33","1998-04-08","Sevilla","Spain","(95) 555 82 82"
"Reggiani Caseifici","Maurizio Moroni","Strada Provinciale 124","1998-04-09","Reggio Emilia","Italy","0522-556721"
"Alfreds Futterkiste","Maria Anders","Obere Str. 57","1998-04-09","Berlin","Germany","030-0074321"
"Frankenversand","Peter Franken","Berliner Platz 43","1998-04-09","München","Germany","089-0877310"
"Romero y tomillo","Alejandra Camino","Gran Vía, 1","1998-04-09","Madrid","Spain","(91) 745 6200"
"LINO-Delicateses","Felipe Izquierdo","Ave. 5 de Mayo Porlamar","1998-04-10","I. de Margarita","Venezuela","(8) 34-56-12"
"Santé Gourmet","Jonas Bergulfsen","Erling Skakkes gate 78","1998-04-10","Stavern","Norway","07-98 92 35"
"Around the Horn","Thomas Hardy","120 Hanover Sq.","1998-04-10","Colchester","UK","(171) 555-7788"
"Ernst Handel","Roland Mendel","Kirchgasse 6","1998-04-13","Graz","Austria","7675-3425"
"Lonesome Pine Restaurant","Fran Wilson","89 Chiaroscuro Rd.","1998-04-13","Portland","USA","(503) 555-9573"
"Rancho grande","Sergio Gutiérrez","Av. del Libertador 900","1998-04-13","Buenos Aires","Argentina","(1) 123-5555"
"Ottilies Käseladen","Henriette Pfalzheim","Mehrheimerstr. 369","1998-04-14","Köln","Germany","0221-0644327"
"QUICK-Stop","Horst Kloss","Taucherstraße 10","1998-04-14","Cunewalde","Germany","0372-035188"
"Hanari Carnes","Mario Pontes","Rua do Paço, 67","1998-04-14","Rio de Janeiro","Brazil","(21) 555-0091"
"B's Beverages","Victoria Ashworth","Fauntleroy Circus","1998-04-14","London","UK","(171) 555-1212"
"Eastern Connection","Ann Devon","35 King George","1998-04-15","London","UK","(171) 555-0297"
"Wartian Herkku","Pirkko Koskitalo","Torikatu 38","1998-04-15","Oulu","Finland","981-443655"
"Franchi S.p.A.","Paolo Accorti","Via Monte Bianco 34","1998-04-15","Torino","Italy","011-4988260"
"Bottom-Dollar Markets","Elizabeth Lincoln","23 Tsawassen Blvd.","1998-04-16","Tsawassen","Canada","(604) 555-4729"
"Königlich Essen","Philip Cramer","Maubelstr. 90","1998-04-16","Brandenburg","Germany","0555-09876"
"Chop-suey Chinese","Yang Wang","Hauptstr. 29","1998-04-16","Bern","Switzerland","0452-076545"
"Save-a-lot Markets","Jose Pavarotti","187 Suffolk Ln.","1998-04-17","Boise","USA","(208) 555-8097"
"Save-a-lot Markets","Jose Pavarotti","187 Suffolk Ln.","1998-04-17","Boise","USA","(208) 555-8097"
"White Clover Markets","Karl Jablonski","305 - 14th Ave. S. Suite 3B","1998-04-17","Seattle","USA","(206) 555-4112"
"Richter Supermarkt","Michael Holz","Grenzacherweg 237","1998-04-17","Genève","Switzerland","0897-034214"
"Old World Delicatessen","Rene Phillips","2743 Bering St.","1998-04-20","Anchorage","USA","(907) 555-7584"
"Suprêmes délices","Pascale Cartrain","Boulevard Tirou, 255","1998-04-20","Charleroi","Belgium","(071) 23 67 22 20"
"Drachenblut Delikatessen","Sven Ottlieb","Walserweg 21","1998-04-20","Aachen","Germany","0241-039123"
"Godos Cocina Típica","José Pedro Freyre","C/ Romero, 33","1998-04-21","Sevilla","Spain","(95) 555 82 82"
"Suprêmes délices","Pascale Cartrain","Boulevard Tirou, 255","1998-04-21","Charleroi","Belgium","(071) 23 67 22 20"
"LINO-Delicateses","Felipe Izquierdo","Ave. 5 de Mayo Porlamar","1998-04-21","I. de Margarita","Venezuela","(8) 34-56-12"
"Great Lakes Food Market","Howard Snyder","2732 Baker Blvd.","1998-04-22","Eugene","USA","(503) 555-7555"
"Chop-suey Chinese","Yang Wang","Hauptstr. 29","1998-04-22","Bern","Switzerland","0452-076545"
"Comércio Mineiro","Pedro Afonso","Av. dos Lusíadas, 23","1998-04-22","Sao Paulo","Brazil","(11) 555-7647"
"Spécialités du monde","Dominique Perrier","25, rue Lauriston","1998-04-22","Paris","France","(1) 47.55.60.10"
"Wolski  Zajazd","Zbyszek Piestrzeniewicz","ul. Filtrowa 68","1998-04-23","Warszawa","Poland","(26) 642-7012"
"Bottom-Dollar Markets","Elizabeth Lincoln","23 Tsawassen Blvd.","1998-04-23","Tsawassen","Canada","(604) 555-4729"
"Die Wandernde Kuh","Rita Müller","Adenauerallee 900","1998-04-23","Stuttgart","Germany","0711-020361"
"Eastern Connection","Ann Devon","35 King George","1998-04-24","London","UK","(171) 555-0297"
"Bottom-Dollar Markets","Elizabeth Lincoln","23 Tsawassen Blvd.","1998-04-24","Tsawassen","Canada","(604) 555-4729"
"Gourmet Lanchonetes","André Fonseca","Av. Brasil, 442","1998-04-24","Campinas","Brazil","(11) 555-9482"
"Folk och fä HB","Maria Larsson","Åkergatan 24","1998-04-27","Bräcke","Sweden","0695-34 67 21"
"La maison d'Asie","Annette Roulet","1 rue Alsace-Lorraine","1998-04-27","Toulouse","France","61.77.61.10"
"Hanari Carnes","Mario Pontes","Rua do Paço, 67","1998-04-27","Rio de Janeiro","Brazil","(21) 555-0091"
"Piccolo und mehr","Georg Pipps","Geislweg 14","1998-04-27","Salzburg","Austria","6562-9722"
"Cactus Comidas para llevar","Patricio Simpson","Cerrito 333","1998-04-28","Buenos Aires","Argentina","(1) 135-5555"
"HILARION-Abastos","Carlos Hernández","Carrera 22 con Ave. Carlos Soublette #8-35","1998-04-28","San Cristóbal","Venezuela","(5) 555-1340"
"Eastern Connection","Ann Devon","35 King George","1998-04-28","London","UK","(171) 555-0297"
"North/South","Simon Crowther","South House 300 Queensbridge","1998-04-29","London","UK","(171) 555-7733"
"Blauer See Delikatessen","Hanna Moos","Forsterstr. 57","1998-04-29","Mannheim","Germany","0621-08460"
"Ricardo Adocicados","Janete Limeira","Av. Copacabana, 267","1998-04-29","Rio de Janeiro","Brazil","(21) 555-3412"
"Franchi S.p.A.","Paolo Accorti","Via Monte Bianco 34","1998-04-30","Torino","Italy","011-4988260"
"Great Lakes Food Market","Howard Snyder","2732 Baker Blvd.","1998-04-30","Eugene","USA","(503) 555-7555"
"Reggiani Caseifici","Maurizio Moroni","Strada Provinciale 124","1998-04-30","Reggio Emilia","Italy","0522-556721"
"Hungry Owl All-Night Grocers","Patricia McKenna","8 Johnstown Road","1998-04-30","Cork","Ireland","2967 542"
"Save-a-lot Markets","Jose Pavarotti","187 Suffolk Ln.","1998-05-01","Boise","USA","(208) 555-8097"
"LILA-Supermercado","Carlos González","Carrera 52 con Ave. Bolívar #65-98 Llano Largo","1998-05-01","Barquisimeto","Venezuela","(9) 331-6954"
"White Clover Markets","Karl Jablonski","305 - 14th Ave. S. Suite 3B","1998-05-01","Seattle","USA","(206) 555-4112"
"Drachenblut Delikatessen","Sven Ottlieb","Walserweg 21","1998-05-04","Aachen","Germany","0241-039123"
"Queen Cozinha","Lúcia Carvalho","Alameda dos Canàrios, 891","1998-05-04","Sao Paulo","Brazil","(11) 555-1189"
"Tortuga Restaurante","Miguel Angel Paolino","Avda. Azteca 123","1998-05-04","México D.F.","Mexico","(5) 555-2933"
"Lehmanns Marktstand","Renate Messner","Magazinweg 7","1998-05-05","Frankfurt a.M.","Germany","069-0245984"
"LILA-Supermercado","Carlos González","Carrera 52 con Ave. Bolívar #65-98 Llano Largo","1998-05-05","Barquisimeto","Venezuela","(9) 331-6954"
"Ernst Handel","Roland Mendel","Kirchgasse 6","1998-05-05","Graz","Austria","7675-3425"
"Pericles Comidas clásicas","Guillermo Fernández","Calle Dr. Jorge Cash 321","1998-05-05","México D.F.","Mexico","(5) 552-3745"
"Simons bistro","Jytte Petersen","Vinbæltet 34","1998-05-06","Kobenhavn","Denmark","31 12 34 56"
"Richter Supermarkt","Michael Holz","Grenzacherweg 237","1998-05-06","Genève","Switzerland","0897-034214"
"Bon app'","Laurence Lebihan","12, rue des Bouchers","1998-05-06","Marseille","France","91.24.45.40"
"Rattlesnake Canyon Grocery","Paula Wilson","2817 Milton Dr.","1998-05-06","Albuquerque","USA","(505) 555-5939"
